pvm,Eväät,viikonpäivä,viikko,viime viikon ARIILI-käynnit,toissa viikon ARIILI-käynnit,Ilman lämpötila,Pilvisyys,Tuulennopeus,Näkyvyys,Sademäärä,hedelmäinen,herne,jauheliha,jää,kala,kalkkuna,kana,kastike,kasvis,kebab,keitto,kesä,kiisseli,kinkku,kiusaus,laatikko,lasagne,lasagnette,leike,liha,makaroni,makkara,manna,mureke,muusi,nakki,nugetti,ohra,ohukainen,pasta,peruna,pihvi,pinaatti,puuro,pyörykkä,päivä,riisi,salaatti,sose,talo,tonnikala,uuni,vuoka,Lounas koulut
2017-11-27,0.0,1,48,0.0032034417849283905,0.0031953992885884685,2.642857142857143,7.7142857142857135,5.1,30.08871428571429,0.08571428571428573,0,0,1,0,0,0,0,1,0,0,0,0,0,0,0,0,0,0,0,0,0,0,0,0,0,0,0,0,0,0,0,0,0,0,0,0,0,0,0,0,0,0,0,0.7137989778534923
2017-11-28,0.014018691588785048,2,48,0.0032034417849283905,0.0031953992885884685,0.2285714285714286,7.7142857142857135,1.5285714285714287,20.961,0.0,0,0,0,0,0,0,0,0,1,0,0,0,0,0,0,0,0,0,0,0,0,0,0,0,0,0,0,0,0,0,0,0,0,0,0,0,0,0,0,0,1,0,1,0.7989778534923339
2017-11-29,0.0,3,48,0.0032034417849283905,0.0031953992885884685,0.3857142857142857,8.0,1.842857142857143,8.530285714285714,0.21428571428571427,0,0,0,0,0,0,0,0,0,0,0,0,0,0,0,0,0,0,0,0,0,1,0,0,0,0,0,0,0,0,0,0,0,0,0,0,0,0,0,0,0,1,0,0.8245315161839863
2017-11-30,0.0,4,48,0.0032034417849283905,0.0031953992885884685,1.614285714285714,7.7142857142857135,1.842857142857143,12.123857142857144,0.0,0,0,0,0,0,0,0,0,0,0,0,0,0,0,0,0,0,0,0,0,0,0,1,0,0,0,0,0,0,0,0,0,0,1,0,0,0,0,0,0,0,0,0,0.7120954003407155
2017-12-01,0.0,5,48,0.0032034417849283905,0.0031953992885884685,-0.6428571428571429,7.2857142857142865,3.185714285714286,32.99014285714286,0.0,0,0,0,0,0,0,1,0,0,0,1,0,0,0,0,0,0,0,0,0,0,0,0,0,0,0,0,0,0,0,0,0,0,0,0,0,0,0,0,0,0,0,0,0.7018739352640545
2017-12-04,0.0,1,49,0.004026213431573264,0.0032034417849283905,-0.9428571428571428,5.428571428571429,2.4285714285714284,45.18471428571429,0.0,0,0,0,0,0,0,0,1,0,0,0,0,0,0,0,0,0,0,0,1,0,0,0,0,0,0,0,0,0,0,0,0,0,0,0,0,0,0,0,0,0,0,0,0.6814310051107325
2017-12-07,0.0,4,49,0.004026213431573264,0.0032034417849283905,-4.128571428571428,7.2857142857142865,4.442857142857141,43.37285714285714,0.0,0,0,0,0,0,0,1,0,0,0,0,0,0,0,0,0,0,0,0,0,0,0,0,0,0,0,0,0,0,0,0,0,0,0,0,0,0,0,0,0,0,0,1,0.8347529812606473
2017-12-08,0.0,5,49,0.004026213431573264,0.0032034417849283905,1.7714285714285718,7.7142857142857135,4.342857142857143,30.645,0.0,0,0,1,0,0,0,0,0,0,0,0,0,0,0,0,0,0,0,0,0,0,0,0,0,0,0,0,0,0,0,0,1,0,0,0,0,0,0,0,0,0,0,0,0.8432708688245315
2017-12-11,0.0,1,50,0.004505059879772229,0.004026213431573264,0.7142857142857143,7.571428571428571,3.771428571428572,44.195714285714295,0.0,0,0,0,0,0,0,1,1,0,0,0,0,0,0,0,0,0,0,0,0,0,0,0,0,0,0,0,0,0,0,0,0,0,0,0,0,0,0,0,0,0,0,0,0.7563884156729132
2017-12-12,0.0,2,50,0.004505059879772229,0.004026213431573264,-2.3428571428571425,8.0,2.6714285714285717,2.452142857142857,0.5428571428571428,0,0,0,0,1,0,0,0,0,0,0,0,0,0,0,0,0,0,0,0,0,0,0,0,0,0,0,0,0,0,0,0,0,0,0,0,0,0,0,0,0,0,0,0.6984667802385008
2017-12-13,0.0,3,50,0.004505059879772229,0.004026213431573264,-2.628571428571429,6.857142857142858,4.957142857142856,42.414,0.0,0,0,0,0,0,0,0,0,0,0,0,0,0,0,0,0,0,0,0,0,0,0,0,0,0,0,0,1,0,0,0,0,0,1,0,0,1,0,0,0,0,0,0,0.7325383304940375
2017-12-14,0.0,4,50,0.004505059879772229,0.004026213431573264,1.2857142857142858,6.857142857142858,6.757142857142857,32.93085714285714,0.0,0,0,0,0,0,0,0,0,0,0,1,0,0,0,0,0,0,0,0,0,0,1,0,0,0,1,0,0,0,0,0,0,0,0,0,0,0,0,0,0,0,0,0,0.7189097103918228
2017-12-15,0.0,5,50,0.004505059879772229,0.004026213431573264,-1.7714285714285711,7.7142857142857135,2.8714285714285714,13.238714285714286,0.15714285714285714,0,0,0,0,0,0,0,0,1,0,0,0,0,0,0,0,0,0,0,0,0,0,0,0,0,0,0,0,1,0,0,1,1,0,0,0,0,0,0,0,0,0,0,0.7836456558773425
2017-12-18,0.0,1,51,0.0043789471698352615,0.004505059879772229,-0.11428571428571425,7.857142857142858,3.7714285714285714,32.72542857142857,0.0,0,0,0,0,1,0,0,0,0,0,1,0,0,0,0,0,0,0,0,0,0,0,0,0,0,0,0,0,0,0,0,0,0,0,0,0,0,0,0,0,0,0,0,0.6814310051107325
2017-12-19,0.0,2,51,0.0043789471698352615,0.004505059879772229,-0.5428571428571428,8.0,2.042857142857143,5.815142857142857,0.0,0,0,0,0,0,0,0,0,0,0,0,0,0,0,0,1,1,0,0,0,1,0,0,0,0,0,0,0,0,0,0,0,0,0,0,0,0,0,0,0,0,0,0,0.696763202725724
2017-12-21,0.0,4,51,0.0043789471698352615,0.004505059879772229,-0.20000000000000004,5.571428571428571,3.914285714285714,22.104142857142854,0.0,0,0,0,0,0,0,0,0,0,0,0,0,0,0,0,0,0,0,0,0,0,0,0,0,0,0,0,0,0,0,0,0,0,0,0,1,0,0,0,1,0,0,0,0.7666098807495741
2017-12-22,0.0,5,51,0.0043789471698352615,0.004505059879772229,-2.1,0.5714285714285714,2.9,46.45385714285714,0.0,0,0,0,0,1,0,0,0,0,0,0,0,0,0,0,0,0,0,0,0,0,0,0,0,0,0,0,0,0,0,0,0,0,0,0,0,0,0,0,0,0,1,0,0.6814310051107325
2018-01-02,0.0,2,1,0.005240852309085222,0.004953269665360926,-3.457142857142857,7.7142857142857135,1.8285714285714287,11.106285714285717,0.0,0,0,0,0,0,0,0,0,1,0,0,0,0,0,0,0,0,0,0,0,0,0,0,0,0,0,0,0,0,0,0,0,0,0,0,0,0,0,0,0,1,0,1,0.7580919931856899
2018-01-03,0.0,3,1,0.005240852309085222,0.004953269665360926,0.8857142857142858,7.571428571428571,2.442857142857143,13.284428571428574,0.07142857142857142,0,0,0,0,0,0,0,0,0,0,0,0,0,0,0,0,0,0,0,0,0,1,0,0,0,0,0,0,0,0,0,0,0,0,0,0,0,0,0,0,0,1,0,0.7495741056218058
2018-01-04,0.0,4,1,0.005240852309085222,0.004953269665360926,0.4,7.571428571428571,3.5857142857142854,28.85457142857143,0.0,0,0,0,0,0,0,0,0,0,0,0,0,0,0,0,0,0,0,0,0,0,0,1,0,0,0,0,0,0,0,0,0,0,1,0,0,0,0,0,0,0,0,0,0.6814310051107325
2018-01-05,0.0,5,1,0.005240852309085222,0.004953269665360926,0.6714285714285714,7.857142857142858,2.9857142857142853,11.462571428571428,0.2571428571428571,0,0,0,0,0,0,1,0,0,0,1,0,0,0,0,0,0,0,0,0,0,0,0,0,0,0,0,0,0,0,0,0,0,0,0,0,0,0,0,0,0,0,0,0.7155025553662692
2018-01-08,0.0,1,2,0.005812324929971989,0.005240852309085222,-7.471428571428571,0.0,3.3571428571428568,41.69414285714286,0.0,0,0,0,0,0,0,0,1,0,0,0,0,0,0,0,0,0,0,0,1,0,0,0,0,0,0,0,0,0,0,0,0,0,0,0,0,0,0,0,0,0,0,0,0.7018739352640545
2018-01-09,0.0,2,2,0.005812324929971989,0.005240852309085222,-1.3,4.285714285714286,2.7428571428571433,13.466285714285714,0.0,0,0,0,0,0,0,0,0,1,0,1,1,0,0,0,0,0,0,0,0,0,0,0,0,0,0,0,0,0,0,0,0,0,0,0,0,0,0,1,0,0,0,0,0.6643952299829642
2018-01-10,0.0,3,2,0.005812324929971989,0.005240852309085222,-6.414285714285716,8.714285714285714,1.1714285714285717,0.4508571428571429,0.0,0,0,0,0,1,0,0,0,0,0,0,0,0,0,0,0,0,0,0,0,0,0,0,1,1,0,0,0,0,0,1,1,0,0,0,0,0,0,0,0,0,0,0,0.7495741056218058
2018-01-11,0.0,4,2,0.005812324929971989,0.005240852309085222,-8.985714285714282,8.428571428571429,1.6857142857142855,5.335428571428571,0.0,0,0,0,0,0,0,1,0,0,0,0,0,0,0,0,0,0,0,0,0,0,0,0,0,0,0,0,0,0,0,0,0,0,0,0,0,0,0,0,0,0,0,1,0.7257240204429302
2018-01-12,0.0,5,2,0.005812324929971989,0.005240852309085222,-4.642857142857143,8.0,4.0,11.695142857142857,0.0,0,0,1,0,0,0,0,0,0,0,0,0,0,0,0,0,0,0,0,0,0,0,0,0,0,0,0,0,0,0,0,1,0,0,0,0,0,0,0,0,0,0,0,0.8330494037478705
2018-01-15,0.0,1,3,0.005042016806722689,0.005812324929971989,-5.9,8.0,6.928571428571428,9.909857142857145,0.0,0,0,0,0,0,0,1,1,0,0,0,0,0,0,0,0,0,0,0,0,0,0,0,0,0,0,0,0,0,0,0,0,0,0,0,0,0,0,0,0,0,0,0,0.7189097103918228
2018-01-16,0.0,2,3,0.005042016806722689,0.005812324929971989,-8.542857142857141,7.571428571428571,4.628571428571427,17.290428571428574,0.0,0,0,0,0,1,0,0,0,0,0,0,0,0,0,0,0,0,0,0,0,0,0,0,0,0,0,0,0,0,0,0,0,0,0,0,0,0,0,0,0,0,0,0,0.6831345826235093
2018-01-17,0.0,3,3,0.005042016806722689,0.005812324929971989,-10.714285714285714,3.0,3.6714285714285713,33.11185714285715,0.0,0,0,0,0,0,0,0,0,0,0,0,0,0,0,0,0,0,0,0,0,0,0,0,0,0,0,0,1,0,0,0,0,0,1,0,0,1,0,0,0,0,0,0,0.7308347529812607
2018-01-18,0.0,4,3,0.005042016806722689,0.005812324929971989,-6.857142857142858,7.7142857142857135,3.1714285714285717,5.622714285714286,0.08571428571428573,0,0,0,0,0,0,0,0,0,0,1,0,0,0,0,0,0,0,0,0,0,1,0,0,0,1,0,0,0,0,0,0,0,0,0,0,0,0,0,0,0,0,0,0.6643952299829642
2018-01-19,0.0,5,3,0.005042016806722689,0.005812324929971989,-11.2,7.142857142857142,1.514285714285714,8.213571428571429,0.0,0,0,0,0,0,0,0,0,1,0,0,0,0,0,0,0,0,0,0,0,0,0,0,0,0,0,0,0,1,0,0,1,1,0,0,0,0,0,0,0,0,0,0,0.7632027257240205
2018-01-22,0.0,1,4,0.003991596638655462,0.005042016806722689,-12.328571428571427,7.7142857142857135,1.7000000000000004,17.702714285714286,0.0,0,0,0,0,1,0,0,0,0,0,1,0,0,0,0,0,0,0,0,0,0,0,0,0,0,0,0,0,0,0,0,0,0,0,0,0,0,0,0,0,0,0,0,0.6848381601362862
2018-01-23,0.0,2,4,0.003991596638655462,0.005042016806722689,-14.971428571428573,8.0,0.8285714285714285,4.983142857142857,0.1142857142857143,0,0,0,0,0,0,0,0,0,0,0,0,0,0,0,1,1,0,0,0,1,0,0,0,0,0,0,0,0,0,0,0,0,0,0,0,0,0,0,0,0,0,0,0.7325383304940375
2018-01-24,0.0,3,4,0.003991596638655462,0.005042016806722689,-2.3714285714285706,8.0,7.571428571428571,4.218571428571429,0.5142857142857142,0,0,0,0,0,1,1,0,0,0,0,0,0,0,0,0,0,0,0,0,0,0,0,0,0,0,1,0,0,0,0,1,0,0,0,0,0,0,0,0,0,0,0,0.7018739352640545
2018-01-25,0.0,4,4,0.003991596638655462,0.005042016806722689,3.157142857142857,8.0,8.985714285714286,13.279142857142858,0.07142857142857142,0,0,0,0,0,0,0,0,0,0,0,0,0,0,0,0,0,0,0,0,0,0,0,0,0,0,0,0,0,0,0,0,0,0,0,1,0,0,0,1,0,0,0,0.737649063032368
2018-01-26,0.0,5,4,0.003991596638655462,0.005042016806722689,0.11428571428571432,5.7142857142857135,3.6428571428571432,35.688857142857145,0.0,0,0,0,0,1,0,0,0,0,0,0,0,0,0,0,0,0,0,0,0,0,0,0,0,0,0,0,0,0,0,0,0,0,0,0,0,0,0,0,0,0,1,0,0.7666098807495741
2018-01-29,0.0,1,5,0.003991596638655462,0.003991596638655462,-4.742857142857143,7.571428571428571,2.157142857142857,33.20728571428571,0.0,0,0,0,0,0,0,0,0,0,0,0,0,0,0,0,0,0,0,0,1,0,0,0,0,0,0,0,0,0,0,0,0,0,0,1,0,0,0,0,0,0,0,0,0.8279386712095401
2018-01-30,0.0,2,5,0.003991596638655462,0.003991596638655462,-5.942857142857143,8.0,2.2857142857142856,10.406142857142855,0.0,1,0,0,0,0,0,1,1,0,0,0,0,0,0,0,0,0,0,0,0,0,0,0,0,0,0,0,0,0,0,0,0,0,0,0,0,0,0,0,0,0,0,0,0.7734241908006815
2018-01-31,0.0,3,5,0.003991596638655462,0.003991596638655462,-6.871428571428572,7.7142857142857135,2.2,11.854857142857144,0.0,0,0,0,0,0,0,0,0,0,0,0,0,0,0,1,0,0,0,0,0,0,0,0,0,0,0,0,0,0,0,0,0,0,0,0,0,0,0,0,0,0,0,0,0.7001703577512777
2018-02-01,0.0,4,5,0.003991596638655462,0.003991596638655462,-10.2,2.4285714285714284,5.128571428571427,41.169714285714285,0.0,0,1,0,0,0,0,0,0,0,0,1,0,0,0,0,0,0,0,0,0,0,0,0,0,0,0,0,0,0,0,0,0,0,0,0,0,0,0,0,0,0,0,0,0.7189097103918228
2018-02-02,0.0,5,5,0.003991596638655462,0.003991596638655462,-10.242857142857146,7.7142857142857135,5.0285714285714285,36.66771428571428,0.0,0,0,0,0,0,0,1,0,0,0,1,0,0,0,0,0,0,0,0,0,0,0,0,0,0,0,0,0,0,0,0,0,0,0,0,0,0,0,0,0,0,0,0,0.6814310051107325
2018-02-05,0.0,1,6,0.004411764705882353,0.003991596638655462,-13.042857142857144,3.2857142857142856,0.8571428571428571,7.460571428571428,0.0,0,0,1,0,0,0,0,1,0,0,0,0,0,0,0,0,0,0,0,0,0,0,0,0,0,0,0,0,0,0,0,0,0,0,0,0,0,0,0,0,0,0,0,0.7393526405451448
2018-02-06,0.0,2,6,0.004411764705882353,0.003991596638655462,-14.128571428571426,7.7142857142857135,3.4857142857142853,11.948285714285715,0.12857142857142856,0,0,0,0,0,0,0,0,1,0,0,0,0,0,0,0,0,0,0,0,0,0,0,0,0,0,0,0,0,0,0,0,0,0,0,0,0,0,0,0,1,0,1,0.7512776831345827
2018-02-07,0.0,3,6,0.004411764705882353,0.003991596638655462,-11.128571428571426,7.428571428571429,1.3571428571428572,5.98642857142857,0.0,0,0,0,0,0,0,0,0,0,0,0,0,0,0,0,0,0,0,0,0,0,1,0,0,0,0,0,0,0,0,0,0,0,0,0,0,0,0,0,0,0,1,0,0.7666098807495741
2018-02-08,0.0,4,6,0.004411764705882353,0.003991596638655462,-4.557142857142857,7.7142857142857135,4.071428571428571,16.190285714285714,0.0,0,0,0,0,0,0,0,0,0,0,0,0,0,0,0,0,0,0,0,0,0,0,1,0,0,0,0,0,0,0,0,0,0,1,0,0,0,0,0,0,0,0,0,0.7580919931856899
2018-02-09,0.0,5,6,0.004411764705882353,0.003991596638655462,-3.6428571428571423,7.7142857142857135,5.528571428571429,13.039714285714288,0.0,0,0,0,0,0,0,1,0,0,0,1,0,0,0,0,0,0,0,0,0,0,0,0,0,0,0,0,0,0,0,0,0,0,0,0,0,0,0,0,0,0,0,0,0.6814310051107325
2018-02-12,0.0,1,7,0.006092436974789916,0.004411764705882353,-3.8,7.571428571428571,3.7428571428571424,11.82157142857143,0.0,0,0,0,0,0,0,0,1,0,0,0,0,0,0,0,0,0,0,0,1,0,0,0,0,0,0,0,0,0,0,0,0,0,0,0,0,0,0,0,0,0,0,0,0.7069846678023849
2018-02-13,0.0,2,7,0.006092436974789916,0.004411764705882353,-0.3428571428571429,7.2857142857142865,6.999999999999999,11.025428571428574,0.0,0,0,0,0,0,0,0,0,1,0,1,1,0,0,0,0,0,0,0,0,0,0,0,0,0,0,0,0,0,0,0,0,0,0,0,0,0,0,1,0,0,0,0,0.7325383304940375
2018-02-14,0.0,3,7,0.006092436974789916,0.004411764705882353,0.5714285714285714,7.428571428571429,5.557142857142856,46.50328571428571,0.0,0,0,0,0,1,0,0,0,0,0,0,0,0,0,0,0,0,0,0,0,0,0,0,1,1,0,0,0,0,0,1,1,0,0,0,0,0,0,0,0,0,0,0,0.7614991482112436
2018-02-15,0.0,4,7,0.006092436974789916,0.004411764705882353,0.2857142857142857,5.0,5.628571428571428,34.24685714285714,0.0,0,0,0,0,0,0,1,0,0,0,0,0,0,0,0,0,0,0,0,0,0,0,0,0,0,0,0,0,0,0,0,0,0,0,0,0,0,0,0,0,0,0,1,0.7666098807495741
2018-02-16,0.0,5,7,0.006092436974789916,0.004411764705882353,-7.328571428571428,1.5714285714285714,2.5428571428571423,16.60385714285714,0.0,0,0,1,0,0,0,0,0,0,0,0,0,0,0,0,0,0,0,0,0,0,0,0,0,0,0,0,0,0,0,0,1,0,0,0,0,0,0,0,0,0,0,0,0.7666098807495741
2018-02-19,0.0,1,8,0.006862745098039216,0.006092436974789916,-11.057142857142857,3.2857142857142856,2.1,13.549142857142856,0.0,0,0,0,0,0,0,1,1,0,0,0,0,0,0,0,0,0,0,0,0,0,0,0,0,0,0,0,0,0,0,0,0,0,0,0,0,0,0,0,0,0,0,0,0.7155025553662692
2018-02-20,0.0,2,8,0.006862745098039216,0.006092436974789916,-16.499999999999996,2.0,0.4428571428571429,16.840142857142858,0.0,0,0,0,0,1,0,0,0,0,0,0,0,0,0,0,0,0,0,0,0,0,0,0,0,0,0,0,0,0,0,0,0,0,0,0,0,0,0,0,0,0,0,0,0.7495741056218058
2018-02-21,0.0,3,8,0.006862745098039216,0.006092436974789916,-16.02857142857143,7.0,0.4428571428571428,11.752857142857142,0.0,0,0,0,0,0,0,0,0,0,0,0,0,0,0,0,0,0,0,0,0,0,0,0,0,0,0,0,1,0,0,0,0,0,1,0,0,1,0,0,0,0,0,0,0.6814310051107325
2018-02-22,0.0,4,8,0.006862745098039216,0.006092436974789916,-14.928571428571429,5.0,1.1,23.64957142857143,0.0,0,0,0,0,0,0,0,0,0,0,1,0,0,0,0,0,0,0,0,0,0,1,0,0,0,1,0,0,0,0,0,0,0,0,0,0,0,0,0,0,0,0,0,0.6643952299829642
2018-02-23,0.0,5,8,0.006862745098039216,0.006092436974789916,-14.914285714285715,1.8571428571428568,1.5285714285714285,25.88214285714286,0.0,0,0,0,0,0,0,0,0,1,0,0,0,0,0,0,0,0,0,0,0,0,0,0,0,0,0,0,0,1,0,0,1,1,0,0,0,0,0,0,0,0,0,0,0.7155025553662692
2018-03-05,0.0,1,10,0.007282913165266107,0.009103641456582634,-7.757142857142857,6.857142857142858,2.7142857142857144,23.211857142857145,0.0,0,0,0,0,0,0,0,0,0,0,0,0,0,0,0,0,0,0,0,1,0,0,0,0,0,0,0,0,0,0,0,0,0,0,1,0,0,0,0,0,0,0,0,0.7240204429301533
2018-03-06,0.0,2,10,0.007282913165266107,0.009103641456582634,-8.214285714285715,5.0,3.7285714285714286,45.02914285714286,0.0,1,0,0,0,0,0,1,1,0,0,0,0,0,0,0,0,0,0,0,0,0,0,0,0,0,0,0,0,0,0,0,0,0,0,0,0,0,0,0,0,0,0,0,0.7001703577512777
2018-03-07,0.0,3,10,0.007282913165266107,0.009103641456582634,-8.614285714285716,0.14285714285714285,3.0285714285714285,42.55200000000001,0.0,0,0,0,0,0,0,0,0,0,0,0,0,0,0,1,0,0,0,0,0,0,0,0,0,0,0,0,0,0,0,0,0,0,0,0,0,0,0,0,0,0,0,0,0.7325383304940375
2018-03-08,0.0,4,10,0.007282913165266107,0.009103641456582634,-8.242857142857144,1.5714285714285714,2.771428571428572,35.81285714285714,0.0,0,1,0,0,0,0,0,0,0,0,1,0,0,0,0,0,0,0,0,0,0,0,0,0,0,0,0,0,0,0,0,0,0,0,0,0,0,0,0,0,0,0,0,0.7189097103918228
2018-03-09,0.0,5,10,0.007282913165266107,0.009103641456582634,-2.8428571428571434,7.7142857142857135,3.2857142857142856,6.289142857142857,0.1,0,0,0,0,0,0,1,0,0,0,1,0,0,0,0,0,0,0,0,0,0,0,0,0,0,0,0,0,0,0,0,0,0,0,0,0,0,0,0,0,0,0,0,0.7325383304940375
2018-03-12,0.0,1,11,0.008473389355742295,0.007282913165266107,-0.1142857142857143,7.142857142857142,3.6857142857142855,16.92957142857143,0.2857142857142857,0,0,1,0,0,0,0,1,0,0,0,0,0,0,0,0,0,0,0,0,0,0,0,0,0,0,0,0,0,0,0,0,0,0,0,0,0,0,0,0,0,0,0,0.6984667802385008
2018-03-13,0.0,2,11,0.008473389355742295,0.007282913165266107,-1.1,7.428571428571429,5.428571428571429,17.49085714285714,0.0,0,0,0,0,0,0,0,0,1,0,0,0,0,0,0,0,0,0,0,0,0,0,0,0,0,0,0,0,0,0,0,0,0,0,0,0,0,0,0,0,1,0,1,0.7495741056218058
2018-03-14,0.0,3,11,0.008473389355742295,0.007282913165266107,-5.500000000000001,7.428571428571429,8.042857142857143,9.448571428571428,0.0,0,0,0,0,0,0,0,0,0,0,0,0,0,0,0,0,0,0,0,0,0,1,0,0,0,0,0,0,0,0,0,0,0,0,0,0,0,0,0,0,0,1,0,0.7495741056218058
2018-03-15,0.0,4,11,0.008473389355742295,0.007282913165266107,-7.371428571428572,1.7142857142857142,3.885714285714285,35.309714285714286,0.0,0,0,0,0,0,0,0,0,0,0,0,0,0,0,0,0,0,0,0,0,0,0,1,0,0,0,0,0,0,0,0,0,0,1,0,0,0,0,0,0,0,0,0,0.7325383304940375
2018-03-16,0.0,5,11,0.008473389355742295,0.007282913165266107,-7.571428571428571,0.0,5.014285714285714,38.270285714285706,0.0,0,0,0,0,0,0,1,0,0,0,1,0,0,0,0,0,0,0,0,0,0,0,0,0,0,0,0,0,0,0,0,0,0,0,0,0,0,0,0,0,0,0,0,0.8006814310051107
2018-03-19,0.0,1,12,0.005532212885154062,0.008473389355742295,1.5428571428571427,1.5714285714285714,5.9,42.26128571428573,0.0,0,0,0,0,0,0,0,1,0,0,0,0,0,0,0,0,0,0,0,1,0,0,0,0,0,0,0,0,0,0,0,0,0,0,0,0,0,0,0,0,0,0,0,0.727427597955707
2018-03-20,0.0,2,12,0.005532212885154062,0.008473389355742295,-6.2714285714285705,0.0,5.885714285714287,37.18185714285715,0.0,0,0,0,0,0,0,0,0,1,0,1,1,0,0,0,0,0,0,0,0,0,0,0,0,0,0,0,0,0,0,0,0,0,0,0,0,0,0,1,0,0,0,0,0.7495741056218058
2018-03-21,0.02336448598130841,3,12,0.005532212885154062,0.008473389355742295,-2.028571428571429,7.857142857142858,7.128571428571429,12.033428571428573,0.0,0,0,0,0,1,0,0,0,0,0,0,0,0,0,0,0,0,0,0,0,0,0,0,1,1,0,0,0,0,0,1,1,0,0,0,0,0,0,0,0,0,0,0,0.7580919931856899
2018-03-22,0.0,4,12,0.005532212885154062,0.008473389355742295,-0.028571428571428525,7.2857142857142865,7.428571428571429,15.973571428571427,0.0,0,0,0,0,0,0,1,0,0,0,0,0,0,0,0,0,0,0,0,0,0,0,0,0,0,0,0,0,0,0,0,0,0,0,0,0,0,0,0,0,0,0,1,0.8057921635434412
2018-03-23,0.0,5,12,0.005532212885154062,0.008473389355742295,-4.757142857142857,0.0,1.8,40.667142857142856,0.0,0,0,1,0,0,0,0,0,0,0,0,0,0,0,0,0,0,0,0,0,0,0,0,0,0,0,0,0,0,0,0,1,0,0,0,0,0,0,0,0,0,0,0,0.7666098807495741
2018-03-26,0.0,1,13,0.005882352941176471,0.005532212885154062,-6.114285714285713,0.0,3.8428571428571434,41.81542857142857,0.0,0,0,0,0,0,0,1,1,0,0,0,0,0,0,0,0,0,0,0,0,0,0,0,0,0,0,0,0,0,0,0,0,0,0,0,0,0,0,0,0,0,0,0,0.7393526405451448
2018-03-27,0.0,2,13,0.005882352941176471,0.005532212885154062,-4.8,1.2857142857142858,2.957142857142857,39.888000000000005,0.0,0,0,0,0,1,0,0,0,0,0,0,0,0,0,0,0,0,0,0,0,0,0,0,0,0,0,0,0,0,0,0,0,0,0,0,0,0,0,0,0,0,0,0,0.7580919931856899
2018-03-28,0.0,3,13,0.005882352941176471,0.005532212885154062,-1.5,2.2857142857142856,3.7,41.144285714285715,0.0,0,0,0,0,0,0,0,0,0,0,0,0,0,0,0,0,0,0,0,0,0,0,0,0,0,0,0,1,0,0,0,0,0,1,0,0,1,0,0,0,0,0,0,0.7189097103918228
2018-03-29,0.0,4,13,0.005882352941176471,0.005532212885154062,0.5714285714285714,5.142857142857143,6.028571428571429,41.62828571428571,0.0,0,0,0,0,0,0,0,0,0,0,1,0,0,0,0,0,0,0,0,0,0,1,0,0,0,1,0,0,0,0,0,0,0,0,0,0,0,0,0,0,0,0,0,0.7325383304940375
2018-04-03,0.0,2,14,0.005672268907563025,0.005882352941176471,-0.5714285714285714,0.7142857142857143,6.014285714285713,40.60628571428571,0.0,0,0,0,0,0,0,0,0,0,0,0,0,0,0,0,1,1,0,0,0,1,0,0,0,0,0,0,0,0,0,0,0,0,0,0,0,0,0,0,0,0,0,0,0.7751277683134583
2018-04-04,0.06853582554517132,3,14,0.005672268907563025,0.005882352941176471,1.7857142857142858,7.0,4.771428571428572,40.702428571428584,0.0,0,0,0,0,0,1,1,0,0,0,0,0,0,0,0,0,0,0,0,0,0,0,0,0,0,0,1,0,0,0,0,1,0,0,0,0,0,0,0,0,0,0,0,0.7342419080068143
2018-04-05,0.0,4,14,0.005672268907563025,0.005882352941176471,2.7571428571428567,8.0,2.0428571428571423,41.472,0.0,0,0,0,0,0,0,0,0,0,0,0,0,0,0,0,0,0,0,0,0,0,0,0,0,0,0,0,0,0,0,0,0,0,0,0,1,0,0,0,1,0,0,0,0.7666098807495741
2018-04-06,0.0,5,14,0.005672268907563025,0.005882352941176471,1.9285714285714284,7.857142857142858,3.7714285714285714,27.772571428571435,0.17142857142857146,0,0,0,0,1,0,0,0,0,0,0,0,0,0,0,0,0,0,0,0,0,0,0,0,0,0,0,0,0,0,0,0,0,0,0,0,0,0,0,0,0,1,0,0.6984667802385008
2018-04-09,0.0,1,15,0.004061624649859943,0.005672268907563025,2.257142857142857,5.142857142857143,4.942857142857143,35.13785714285714,0.0,0,0,0,0,0,0,0,0,0,0,0,0,0,0,0,0,0,0,0,1,0,0,0,0,0,0,0,0,0,0,0,0,0,0,1,0,0,0,0,0,0,0,0,0.7751277683134583
2018-04-10,0.0,2,15,0.004061624649859943,0.005672268907563025,2.7571428571428567,0.0,3.7142857142857135,38.49399999999999,0.0,1,0,0,0,0,0,1,1,0,0,0,0,0,0,0,0,0,0,0,0,0,0,0,0,0,0,0,0,0,0,0,0,0,0,0,0,0,0,0,0,0,0,0,0.7410562180579217
2018-04-11,0.0,3,15,0.004061624649859943,0.005672268907563025,5.442857142857141,0.0,2.8000000000000003,37.59814285714286,0.0,0,0,0,0,0,0,0,0,0,0,0,0,0,0,1,0,0,0,0,0,0,0,0,0,0,0,0,0,0,0,0,0,0,0,0,0,0,0,0,0,0,0,0,0.7649063032367973
2018-04-12,0.0,4,15,0.004061624649859943,0.005672268907563025,3.6285714285714286,0.8571428571428571,1.1857142857142855,35.57228571428572,0.0,0,1,0,0,0,0,0,0,0,0,1,0,0,0,0,0,0,0,0,0,0,0,0,0,0,0,0,0,0,0,0,0,0,0,0,0,0,0,0,0,0,0,0,0.6984667802385008
2018-04-13,0.0,5,15,0.004061624649859943,0.005672268907563025,7.171428571428572,0.0,1.2571428571428571,39.56928571428572,0.0,0,0,0,0,0,0,1,0,0,0,1,0,0,0,0,0,0,0,0,0,0,0,0,0,0,0,0,0,0,0,0,0,0,0,0,0,0,0,0,0,0,0,0,0.7751277683134583
2018-04-16,0.0,1,16,0.0032212885154061623,0.004061624649859943,7.885714285714287,7.7142857142857135,0.9428571428571432,17.296285714285712,0.0,0,0,1,0,0,0,0,1,0,0,0,0,0,0,0,0,0,0,0,0,0,0,0,0,0,0,0,0,0,0,0,0,0,0,0,0,0,0,0,0,0,0,0,0.7240204429301533
2018-04-17,0.0,2,16,0.0032212885154061623,0.004061624649859943,6.6,7.571428571428571,1.885714285714286,1.6364285714285711,0.2285714285714286,0,0,0,0,0,0,0,0,1,0,0,0,0,0,0,0,0,0,0,0,0,0,0,0,0,0,0,0,0,0,0,0,0,0,0,0,0,0,0,0,1,0,1,0.7751277683134583
2018-04-20,0.0,5,16,0.0032212885154061623,0.004061624649859943,10.5,5.142857142857143,3.8,40.03057142857143,0.0,0,0,0,0,0,0,1,0,0,0,1,0,0,0,0,0,0,0,0,0,0,0,0,0,0,0,0,0,0,0,0,0,0,0,0,0,0,0,0,0,0,0,0,0.7580919931856899
2018-04-23,0.0,1,17,0.003991596638655462,0.0032212885154061623,8.714285714285715,6.857142857142858,5.357142857142857,47.30414285714286,0.0,0,0,0,0,0,0,0,1,0,0,0,0,0,0,0,0,0,0,0,1,0,0,0,0,0,0,0,0,0,0,0,0,0,0,0,0,0,0,0,0,0,0,0,0.7189097103918228
2018-04-24,0.0,2,17,0.003991596638655462,0.0032212885154061623,6.457142857142856,8.0,6.871428571428571,26.601714285714287,0.0,0,0,0,0,0,0,0,0,1,0,1,1,0,0,0,0,0,0,0,0,0,0,0,0,0,0,0,0,0,0,0,0,0,0,0,0,0,0,1,0,0,0,0,0.7495741056218058
2018-04-25,0.0,3,17,0.003991596638655462,0.0032212885154061623,8.94285714285714,7.0,3.828571428571428,39.68400000000001,0.042857142857142864,0,0,0,0,1,0,0,0,0,0,0,0,0,0,0,0,0,0,0,0,0,0,0,1,1,0,0,0,0,0,1,1,0,0,0,0,0,0,0,0,0,0,0,0.7410562180579217
2018-04-26,0.060747663551401876,4,17,0.003991596638655462,0.0032212885154061623,9.114285714285714,6.0,4.228571428571429,44.667,0.0,0,0,0,0,0,0,1,0,0,0,0,0,0,0,0,0,0,0,0,0,0,0,0,0,0,0,0,0,0,0,0,0,0,0,0,0,0,0,0,0,0,0,1,0.7666098807495741
2018-04-27,0.0,5,17,0.003991596638655462,0.0032212885154061623,9.614285714285714,7.428571428571429,2.7857142857142856,47.93985714285714,0.0,0,0,1,0,0,0,0,0,0,0,0,0,0,0,0,0,0,0,0,0,0,0,0,0,0,0,0,0,0,0,0,1,0,0,0,0,0,0,0,0,0,0,0,0.7836456558773425
2018-04-30,0.03426791277258567,1,18,0.0033613445378151267,0.003991596638655462,9.057142857142855,6.142857142857142,3.4714285714285715,43.13242857142857,0.0,0,0,0,0,0,0,1,1,0,0,0,0,0,0,0,0,0,0,0,0,0,0,0,0,0,0,0,0,0,0,0,0,0,0,0,0,0,0,0,0,0,0,0,0.7155025553662692
2018-05-03,0.0,4,18,0.0033613445378151267,0.003991596638655462,11.357142857142858,6.2857142857142865,3.1,40.523142857142865,0.0,0,0,0,0,0,0,0,0,0,0,1,0,0,0,0,0,0,0,0,0,0,1,0,0,0,1,0,0,0,0,0,0,0,0,0,0,0,0,0,0,0,0,0,0.7155025553662692
2018-05-04,0.0,5,18,0.0033613445378151267,0.003991596638655462,7.428571428571429,7.857142857142858,4.428571428571429,42.753142857142855,0.0,0,0,0,0,0,0,0,0,1,0,0,0,0,0,0,0,0,0,0,0,0,0,0,0,0,0,0,0,1,0,0,1,1,0,0,0,0,0,0,0,0,0,0,0.7069846678023849
2018-05-07,0.0,1,19,0.002240896358543417,0.0033613445378151267,18.01428571428571,6.0,6.928571428571429,39.688,0.0,0,0,0,0,1,0,0,0,0,0,1,0,0,0,0,0,0,0,0,0,0,0,0,0,0,0,0,0,0,0,0,0,0,0,0,0,0,0,0,0,0,0,0,0.7155025553662692
2018-05-09,0.0,3,19,0.002240896358543417,0.0033613445378151267,20.271428571428565,0.0,5.9714285714285715,35.76971428571429,0.0,0,0,0,0,0,1,1,0,0,0,0,0,0,0,0,0,0,0,0,0,0,0,0,0,0,0,1,0,0,0,0,1,0,0,0,0,0,0,0,0,0,0,0,0.7666098807495741
2018-05-11,0.0,5,19,0.002240896358543417,0.0033613445378151267,22.485714285714288,0.0,3.928571428571429,36.793285714285716,0.0,0,0,0,0,1,0,0,0,0,0,0,0,0,0,0,0,0,0,0,0,0,0,0,0,0,0,0,0,0,0,0,0,0,0,0,0,0,0,0,0,0,1,0,0.7155025553662692
2018-05-14,0.0,1,20,0.0028711484593837537,0.002240896358543417,24.057142857142853,0.0,2.085714285714286,33.37342857142857,0.0,0,0,0,0,0,0,0,0,0,0,0,0,0,0,0,0,0,0,0,1,0,0,0,0,0,0,0,0,0,0,0,0,0,0,1,0,0,0,0,0,0,0,0,0.7069846678023849
2018-05-15,0.0,2,20,0.0028711484593837537,0.002240896358543417,24.67142857142857,0.0,1.3000000000000005,32.336285714285715,0.0,1,0,0,0,0,0,1,1,0,0,0,0,0,0,0,0,0,0,0,0,0,0,0,0,0,0,0,0,0,0,0,0,0,0,0,0,0,0,0,0,0,0,0,0.6814310051107325
2018-05-16,0.0,3,20,0.0028711484593837537,0.002240896358543417,26.271428571428572,2.142857142857143,1.4714285714285715,34.438428571428574,0.0,0,0,0,0,0,0,0,0,0,0,0,0,0,0,1,0,0,0,0,0,0,0,0,0,0,0,0,0,0,0,0,0,0,0,0,0,0,0,0,0,0,0,0,0.7495741056218058
2018-05-17,0.02336448598130841,4,20,0.0028711484593837537,0.002240896358543417,14.485714285714286,0.0,7.314285714285713,31.437857142857148,0.0,0,1,0,0,0,0,0,0,0,0,1,0,0,0,0,0,0,0,0,0,0,0,0,0,0,0,0,0,0,0,0,0,0,0,0,0,0,0,0,0,0,0,0,0.7666098807495741
2018-05-18,0.0,5,20,0.0028711484593837537,0.002240896358543417,14.599999999999998,0.0,6.557142857142856,33.84271428571429,0.0,0,0,0,0,0,0,1,0,0,0,1,0,0,0,0,0,0,0,0,0,0,0,0,0,0,0,0,0,0,0,0,0,0,0,0,0,0,0,0,0,0,0,0,0.7410562180579217
2018-05-22,0.0,2,21,0.004411764705882353,0.0028711484593837537,23.5,5.142857142857143,5.514285714285713,28.834857142857146,0.0,0,0,0,0,0,0,0,0,1,0,0,0,0,0,0,0,0,0,0,0,0,0,0,0,0,0,0,0,0,0,0,0,0,0,0,0,0,0,0,0,1,0,1,0.7597955706984668
2018-05-30,0.0,3,22,0.004131652661064426,0.004411764705882353,15.557142857142859,0.0,7.771428571428572,37.772285714285715,0.0,0,0,0,0,1,0,0,0,0,0,0,0,0,0,0,0,0,0,0,0,0,0,0,1,1,0,0,0,0,0,1,1,0,0,0,0,0,0,0,0,0,0,0,0.7666098807495741
2018-05-31,0.0,4,22,0.004131652661064426,0.004411764705882353,16.714285714285715,0.0,2.042857142857143,37.16857142857143,0.0,0,0,0,0,0,0,1,0,0,0,0,0,0,0,0,0,0,0,0,0,0,0,0,0,0,0,0,0,0,0,0,0,0,0,0,0,0,0,0,0,0,0,1,0.7495741056218058
2018-08-09,0.0,4,32,0.0010504201680672268,0.0008403361344537817,26.17142857142857,4.571428571428571,7.257142857142857,36.28971428571428,0.0,0,0,0,0,0,0,0,0,0,0,0,0,0,0,0,0,0,0,0,0,0,0,0,0,0,0,0,0,1,0,0,0,1,0,0,0,0,0,0,0,0,0,0,0.7053291536050157
2018-08-20,0.0,1,34,0.0023809523809523807,0.0015406162464985994,16.742857142857144,2.142857142857143,3.7857142857142856,37.037285714285716,0.0,0,0,1,0,0,0,0,1,0,0,0,0,0,0,0,0,0,0,0,0,0,0,0,0,0,0,0,0,0,0,0,0,0,0,0,0,0,0,0,0,0,0,0,0.7758620689655172
2018-08-21,0.0,2,34,0.0023809523809523807,0.0015406162464985994,14.3,3.4285714285714284,6.9,41.95142857142857,0.0,0,0,0,0,0,0,0,0,0,0,0,0,0,0,1,0,0,0,0,0,0,0,0,0,0,0,0,0,0,0,0,0,0,0,0,0,0,0,0,0,0,0,0,0.768025078369906
2018-08-22,0.0,3,34,0.0023809523809523807,0.0015406162464985994,16.785714285714285,2.8571428571428568,4.742857142857141,41.349,0.0,0,1,0,0,0,0,0,0,0,0,1,0,0,0,0,0,0,0,0,0,0,0,0,0,0,0,0,0,0,0,0,0,0,0,0,0,0,0,0,0,0,0,0,0.7288401253918495
2018-08-24,0.0,5,34,0.0023809523809523807,0.0015406162464985994,22.214285714285715,6.0,5.9714285714285715,35.34242857142858,0.0,1,0,0,0,0,0,1,1,0,0,0,0,0,0,0,0,0,0,0,0,0,0,0,0,0,0,0,0,0,0,0,0,0,0,0,0,0,0,0,0,0,0,0,0.7131661442006271
2018-09-03,0.0,1,36,0.0035714285714285718,0.002521008403361345,21.642857142857146,0.0,5.7714285714285705,39.46671428571428,0.0,0,0,0,0,0,0,0,1,0,0,0,0,0,0,0,0,0,0,0,1,0,0,0,0,0,0,0,0,0,0,0,0,0,0,0,0,0,0,0,0,0,0,0,0.7225705329153606
2018-09-04,0.0,2,36,0.0035714285714285718,0.002521008403361345,21.02857142857143,7.0,2.8000000000000003,37.862857142857145,0.0,0,0,0,0,1,0,0,0,0,0,0,0,0,0,0,0,0,0,0,0,0,0,0,0,0,0,0,0,0,0,0,0,0,0,0,0,0,0,0,0,0,0,0,0.7774294670846394
2018-09-05,0.0,3,36,0.0035714285714285718,0.002521008403361345,16.342857142857145,8.0,3.571428571428572,37.55171428571429,0.0,0,0,0,0,0,0,0,0,0,0,1,1,0,0,0,0,0,0,0,0,0,0,0,0,0,0,0,0,0,0,0,0,1,0,0,0,0,0,0,0,0,0,0,0.774294670846395
2018-09-06,0.0,4,36,0.0035714285714285718,0.002521008403361345,16.314285714285713,8.0,1.0714285714285716,32.79814285714286,0.0,0,0,1,0,0,0,0,0,0,0,0,0,0,0,0,0,0,0,0,0,0,0,0,1,0,0,0,0,0,0,0,1,0,0,0,0,0,0,0,0,0,0,0,0.7554858934169278
2018-09-07,0.0,5,36,0.0035714285714285718,0.002521008403361345,17.957142857142856,6.142857142857142,3.3714285714285714,35.525285714285715,0.0,0,0,0,0,0,0,1,0,0,0,0,0,0,0,0,0,0,0,0,0,0,0,0,0,0,0,0,0,0,0,0,0,0,0,0,0,0,0,0,0,0,0,1,0.7695924764890282
2018-09-10,0.0,1,37,0.0032913165266106447,0.0035714285714285718,16.442857142857143,7.142857142857142,4.628571428571427,22.993142857142853,0.0,0,0,0,0,0,0,1,1,0,0,0,0,0,0,0,0,0,0,0,0,0,0,0,0,0,0,0,0,0,0,0,0,0,0,0,0,0,0,0,0,0,0,0,0.6708463949843261
2018-09-11,0.0,2,37,0.0032913165266106447,0.0035714285714285718,15.085714285714285,6.2857142857142865,4.714285714285714,34.798857142857145,0.42857142857142855,0,0,0,0,1,0,0,0,0,0,0,0,0,0,0,0,0,0,0,0,0,0,0,1,0,0,0,0,0,0,0,1,0,0,0,0,0,0,0,0,0,0,0,0.6473354231974922
2018-09-12,0.0,3,37,0.0032913165266106447,0.0035714285714285718,11.671428571428573,7.2857142857142865,3.6428571428571432,17.960142857142856,0.8714285714285713,0,0,0,0,0,0,0,0,0,0,0,0,0,0,0,0,0,0,0,0,0,0,0,0,0,0,0,1,0,0,0,0,0,1,0,0,1,0,0,0,0,0,0,0.6786833855799373
2018-09-13,0.0,4,37,0.0032913165266106447,0.0035714285714285718,14.100000000000005,5.285714285714286,6.514285714285713,43.52342857142857,0.0,0,0,0,0,0,0,0,0,0,0,0,0,0,0,0,0,0,0,0,0,0,0,0,0,0,0,0,0,1,0,0,0,1,0,0,0,0,0,0,0,0,0,0,0.664576802507837
2018-09-14,0.0,5,37,0.0032913165266106447,0.0035714285714285718,14.071428571428573,5.857142857142858,5.871428571428572,38.967285714285715,0.0,0,0,0,0,0,0,0,0,0,0,1,0,0,0,0,0,0,0,0,0,0,1,0,0,0,0,0,0,0,0,0,0,0,0,0,0,0,0,0,0,0,0,0,0.5987460815047022
2018-09-17,0.0,1,38,0.003431372549019608,0.0032913165266106447,9.742857142857146,7.2857142857142865,2.5857142857142863,28.29357142857143,0.07142857142857142,0,0,0,0,1,0,0,0,0,0,1,0,0,0,0,0,0,0,0,0,0,0,0,0,0,0,0,0,0,0,0,0,0,0,0,0,0,0,0,0,0,0,0,0.6112852664576802
2018-09-18,0.0,2,38,0.003431372549019608,0.0032913165266106447,13.728571428571426,7.0,3.985714285714285,39.62285714285713,0.0,0,0,0,0,0,0,0,0,0,0,0,0,0,0,0,1,0,1,0,0,1,0,0,0,0,0,0,0,0,0,0,0,0,0,0,0,0,0,0,0,0,0,0,0.6583072100313481
2018-09-19,0.0,3,38,0.003431372549019608,0.0032913165266106447,16.04285714285714,7.571428571428571,4.171428571428572,34.16157142857143,0.0,0,0,0,0,0,0,1,0,0,0,0,0,0,0,0,0,0,0,0,0,0,0,0,0,0,0,1,0,0,0,0,0,0,0,0,0,0,0,0,0,0,0,0,0.6661442006269592
2018-09-20,0.0,4,38,0.003431372549019608,0.0032913165266106447,16.185714285714287,6.571428571428571,10.614285714285714,24.667857142857148,0.0,0,0,0,0,0,0,0,0,0,0,0,0,0,0,0,0,0,0,0,0,0,0,0,0,0,0,0,0,0,0,0,0,0,0,0,1,0,0,0,1,0,0,0,0.6974921630094044
2018-09-21,0.0,5,38,0.003431372549019608,0.0032913165266106447,12.62857142857143,6.0,5.385714285714285,23.226999999999997,0.0,0,0,0,0,0,0,0,1,0,0,0,0,0,0,0,0,0,0,0,1,0,0,0,0,0,0,0,0,0,0,0,0,0,0,0,0,0,0,0,0,0,0,0,0.5987460815047022
2018-09-24,0.0,1,39,0.0053221288515406156,0.003431372549019608,8.400000000000002,5.285714285714286,4.8,44.31071428571428,0.0,0,0,1,0,0,0,0,1,0,0,0,0,0,0,0,0,0,0,0,0,0,0,0,0,0,0,0,0,0,0,0,0,0,0,0,0,0,0,0,0,0,0,0,0.6692789968652038
2018-09-25,0.0,2,39,0.0053221288515406156,0.003431372549019608,9.385714285714286,3.1428571428571432,6.057142857142857,43.89628571428571,0.0,0,0,0,0,0,0,0,0,0,0,0,0,0,0,1,0,0,0,0,0,0,0,0,0,0,0,0,0,0,0,0,0,0,0,0,0,0,0,0,0,0,0,0,0.7382445141065831
2018-09-26,0.0,3,39,0.0053221288515406156,0.003431372549019608,9.085714285714284,7.0,6.314285714285713,24.788142857142855,0.4142857142857143,0,1,0,0,0,0,0,0,0,0,1,0,0,0,0,0,0,0,0,0,0,0,0,0,0,0,0,0,0,0,0,0,0,0,0,0,0,0,0,0,0,0,0,0.6880877742946708
2018-09-27,0.0,4,39,0.0053221288515406156,0.003431372549019608,7.557142857142857,6.857142857142858,7.828571428571428,40.94799999999999,0.0,0,0,0,0,1,0,0,0,0,0,0,0,0,0,0,0,0,0,0,0,0,0,0,1,0,0,0,0,0,0,0,0,0,0,0,0,0,0,0,0,0,1,0,0.7006269592476488
2018-09-28,0.0,5,39,0.0053221288515406156,0.003431372549019608,7.3000000000000025,2.4285714285714284,4.557142857142859,42.753142857142855,0.0,1,0,0,0,0,0,1,1,0,0,0,0,0,0,0,0,0,0,0,0,0,0,0,0,0,0,0,0,0,0,0,0,0,0,0,0,0,0,0,0,0,0,0,0.6818181818181818
2018-10-01,0.0,1,40,0.004341736694677871,0.0053221288515406156,9.357142857142858,3.2857142857142856,3.8,42.312285714285714,0.0,0,0,0,0,0,0,0,0,0,0,0,0,0,0,0,0,0,0,0,1,0,0,0,0,0,0,0,0,0,0,0,0,0,0,1,0,0,0,0,0,0,0,0,0.6849529780564263
2018-10-02,0.0,2,40,0.004341736694677871,0.0053221288515406156,7.885714285714287,4.571428571428571,3.6,41.55685714285715,0.0,0,0,0,0,0,0,0,0,1,0,0,0,0,0,0,0,0,0,0,0,0,0,0,0,0,0,0,0,0,0,0,0,0,0,0,0,0,0,0,0,1,0,1,0.6974921630094044
2018-10-03,0.0,3,40,0.004341736694677871,0.0053221288515406156,5.314285714285714,7.0,2.071428571428572,41.69842857142857,0.0,0,0,0,0,0,0,0,0,0,0,0,0,0,0,0,0,0,0,0,0,0,1,0,0,0,0,0,0,0,0,0,0,0,0,0,0,0,0,0,0,0,1,0,0.6442006269592476
2018-10-04,0.0,4,40,0.004341736694677871,0.0053221288515406156,4.142857142857143,7.142857142857142,2.4857142857142853,47.77442857142857,0.0,0,0,0,0,0,0,0,0,0,0,0,0,0,0,0,0,0,0,0,0,0,0,1,0,0,0,0,0,0,0,0,0,0,1,0,0,0,0,0,0,0,0,0,0.7006269592476488
2018-10-05,0.0,5,40,0.004341736694677871,0.0053221288515406156,8.22857142857143,5.428571428571429,5.457142857142856,38.43700000000001,0.15714285714285714,0,0,0,0,0,0,1,0,0,0,1,0,0,0,0,0,0,0,0,0,0,0,0,0,0,0,0,0,0,0,0,0,0,0,0,0,0,0,0,0,0,0,0,0.6786833855799373
2018-10-08,0.0,1,41,0.0046218487394957975,0.004341736694677871,5.871428571428572,6.7142857142857135,8.128571428571428,30.94942857142857,0.2,0,0,0,0,0,0,0,1,0,0,0,0,0,0,0,0,0,0,0,1,0,0,0,0,0,0,0,0,0,0,0,0,0,0,0,0,0,0,0,0,0,0,0,0.6724137931034483
2018-10-09,0.0,2,41,0.0046218487394957975,0.004341736694677871,10.44285714285714,7.571428571428571,4.928571428571429,36.544000000000004,0.1,0,0,0,0,1,0,0,0,0,0,0,0,0,0,0,0,0,0,0,0,0,0,0,0,0,0,0,0,0,0,0,0,0,0,0,0,0,0,0,0,0,0,0,0.6708463949843261
2018-10-10,0.0,3,41,0.0046218487394957975,0.004341736694677871,10.099999999999998,0.0,4.514285714285714,43.26185714285714,0.0,0,0,0,0,0,0,0,0,0,0,1,1,0,0,0,0,0,0,0,0,0,0,0,0,0,0,0,0,0,0,0,0,1,0,0,0,0,0,0,0,0,0,0,0.6536050156739812
2018-10-11,0.0,4,41,0.0046218487394957975,0.004341736694677871,11.028571428571427,8.142857142857142,3.3571428571428568,21.580857142857145,0.0,0,0,1,0,0,0,0,0,0,0,0,0,0,0,0,0,0,0,0,0,0,0,0,1,0,0,0,0,0,0,0,1,0,0,0,0,0,0,0,0,0,0,0,0.7037617554858934
2018-10-22,0.0,1,43,0.0035714285714285718,0.0046218487394957975,7.228571428571429,1.1428571428571428,4.9857142857142875,39.79414285714286,0.0,0,0,0,0,1,0,0,0,0,0,1,0,0,0,0,0,0,0,0,0,0,0,0,0,0,0,0,0,0,0,0,0,0,0,0,0,0,0,0,0,0,0,0,0.6927899686520376
2018-10-23,0.0,2,43,0.0035714285714285718,0.0046218487394957975,3.6428571428571423,0.0,1.5,43.09242857142858,0.0,0,0,0,0,0,0,0,0,0,0,0,0,0,0,0,1,0,1,0,0,1,0,0,0,0,0,0,0,0,0,0,0,0,0,0,0,0,0,0,0,0,0,0,0.7131661442006271
2018-10-24,0.016591251885369532,3,43,0.0035714285714285718,0.0046218487394957975,1.8142857142857145,4.857142857142857,1.2,43.08814285714285,0.0,0,0,0,0,0,0,1,0,0,0,0,0,0,0,0,0,0,0,0,0,0,0,0,0,0,0,1,0,0,0,0,0,0,0,0,0,0,0,0,0,0,0,0,0.6677115987460815
2018-10-25,0.0,4,43,0.0035714285714285718,0.0046218487394957975,1.6714285714285717,7.7142857142857135,0.6142857142857142,14.006142857142859,0.0,0,0,0,0,0,0,0,0,0,0,0,0,0,0,0,0,0,0,0,0,0,0,0,0,0,0,0,0,0,0,0,0,0,0,0,1,0,0,0,1,0,0,0,0.7037617554858934
2018-10-26,0.0,5,43,0.0035714285714285718,0.0046218487394957975,0.1571428571428571,5.285714285714286,1.9428571428571428,33.82814285714286,0.0,0,0,0,0,0,0,0,1,0,0,0,0,0,0,0,0,0,0,0,1,0,0,0,0,0,0,0,0,0,0,0,0,0,0,0,0,0,0,0,0,0,0,0,0.7147335423197492
2018-10-29,0.0,1,44,0.004411764705882353,0.0035714285714285718,-6.4,3.1428571428571432,2.8285714285714287,37.433428571428564,0.0,0,0,1,0,0,0,0,1,0,0,0,0,0,0,0,0,0,0,0,0,0,0,0,0,0,0,0,0,0,0,0,0,0,0,0,0,0,0,0,0,0,0,0,0.6520376175548589
2018-10-30,0.0,2,44,0.004411764705882353,0.0035714285714285718,0.1,5.7142857142857135,5.971428571428571,49.20371428571429,0.0,0,0,0,0,0,0,0,0,0,0,0,0,0,0,1,0,0,0,0,0,0,0,0,0,0,0,0,0,0,0,0,0,0,0,0,0,0,0,0,0,0,0,0,0.6410658307210031
2018-10-31,0.0,3,44,0.004411764705882353,0.0035714285714285718,5.371428571428572,8.0,5.228571428571429,32.65142857142857,0.14285714285714285,0,1,0,0,0,0,0,0,0,0,1,0,0,0,0,0,0,0,0,0,0,0,0,0,0,0,0,0,0,0,0,0,0,0,0,0,0,0,0,0,0,0,0,0.7084639498432602
2018-11-01,0.0,4,44,0.004411764705882353,0.0035714285714285718,7.642857142857142,4.428571428571429,4.514285714285714,46.07757142857143,0.0,0,0,0,0,1,0,0,0,0,0,0,0,0,0,0,0,0,0,0,0,0,0,0,1,0,0,0,0,0,0,0,0,0,0,0,0,0,0,0,0,0,1,0,0.6489028213166145
2018-11-02,0.0,5,44,0.004411764705882353,0.0035714285714285718,4.185714285714286,8.0,3.414285714285714,12.237142857142857,0.2857142857142857,1,0,0,0,0,0,1,1,0,0,0,0,0,0,0,0,0,0,0,0,0,0,0,0,0,0,0,0,0,0,0,0,0,0,0,0,0,0,0,0,0,0,0,0.6630094043887147
2018-11-05,0.0,1,45,0.0037114845938375353,0.004411764705882353,6.542857142857143,2.8571428571428568,6.242857142857143,41.25785714285714,0.0,0,0,0,0,0,0,0,0,0,0,0,0,0,0,0,0,0,0,0,1,0,0,0,0,0,0,0,0,0,0,0,0,0,0,1,0,0,0,0,0,0,0,0,0.664576802507837
2018-11-06,0.0,2,45,0.0037114845938375353,0.004411764705882353,6.2857142857142865,8.0,3.7142857142857135,45.879571428571424,0.0,0,0,0,0,0,0,0,0,1,0,0,0,0,0,0,0,0,0,0,0,0,0,0,0,0,0,0,0,0,0,0,0,0,0,0,0,0,0,0,0,1,0,1,0.7147335423197492
2018-11-07,0.0,3,45,0.0037114845938375353,0.004411764705882353,5.557142857142856,8.0,1.2857142857142858,6.060285714285714,0.0,0,0,0,0,0,0,0,0,0,0,0,0,0,0,0,0,0,0,0,0,0,1,0,0,0,0,0,0,0,0,0,0,0,0,0,0,0,0,0,0,0,1,0,0.7398119122257053
2018-11-08,0.0,4,45,0.0037114845938375353,0.004411764705882353,6.371428571428572,8.0,1.1714285714285713,6.2018571428571425,0.0,0,0,0,0,0,0,0,0,0,0,0,0,0,0,0,0,0,0,0,0,0,0,1,0,0,0,0,0,0,0,0,0,0,1,0,0,0,0,0,0,0,0,0,0.6912225705329154
2018-11-09,0.0,5,45,0.0037114845938375353,0.004411764705882353,5.428571428571428,7.857142857142858,2.085714285714286,22.28542857142857,0.0,0,0,0,0,0,0,1,0,0,0,1,0,0,0,0,0,0,0,0,0,0,0,0,0,0,0,0,0,0,0,0,0,0,0,0,0,0,0,0,0,0,0,0,0.6567398119122257
2018-11-12,0.0,1,46,0.0028711484593837537,0.0037114845938375353,4.6571428571428575,8.0,6.142857142857144,24.979142857142854,0.17142857142857146,0,0,0,0,0,0,0,1,0,0,0,0,0,0,0,0,0,0,0,1,0,0,0,0,0,0,0,0,0,0,0,0,0,0,0,0,0,0,0,0,0,0,0,0.6567398119122257
2018-11-13,0.0,2,46,0.0028711484593837537,0.0037114845938375353,7.1000000000000005,7.571428571428571,4.671428571428573,38.008571428571436,0.0,0,0,0,0,1,0,0,0,0,0,0,0,0,0,0,0,0,0,0,0,0,0,0,0,0,0,0,0,0,0,0,0,0,0,0,0,0,0,0,0,0,0,0,0.6410658307210031
2018-11-14,0.0,3,46,0.0028711484593837537,0.0037114845938375353,5.314285714285715,7.7142857142857135,2.5428571428571423,40.47342857142858,0.0,0,0,0,0,0,0,0,0,0,0,1,1,0,0,0,0,0,0,0,0,0,0,0,0,0,0,0,0,0,0,0,0,1,0,0,0,0,0,0,0,0,0,0,0.6880877742946708
2018-11-15,0.0,4,46,0.0028711484593837537,0.0037114845938375353,6.442857142857143,8.0,6.742857142857143,13.549428571428571,0.12857142857142856,0,0,1,0,0,0,0,0,0,0,0,0,0,0,0,0,0,0,0,0,0,0,0,1,0,0,0,0,0,0,0,1,0,0,0,0,0,0,0,0,0,0,0,0.6849529780564263
2018-11-16,0.0,5,46,0.0028711484593837537,0.0037114845938375353,8.914285714285713,7.142857142857142,6.928571428571429,29.622142857142855,0.07142857142857142,0,0,0,0,0,0,1,0,0,0,0,0,0,0,0,0,0,0,0,0,0,0,0,0,0,0,0,0,0,0,0,0,0,0,0,0,0,0,0,0,0,0,1,0.7053291536050157
2018-11-19,0.0,1,47,0.0032212885154061623,0.0028711484593837537,-5.0857142857142845,0.0,0.9571428571428572,21.904,0.0,0,0,0,0,0,0,1,1,0,0,0,0,0,0,0,0,0,0,0,0,0,0,0,0,0,0,0,0,0,0,0,0,0,0,0,0,0,0,0,0,0,0,0,0.6786833855799373
2018-11-20,0.0,2,47,0.0032212885154061623,0.0028711484593837537,0.3,0.7142857142857143,1.5714285714285714,31.394,0.0,0,0,0,0,1,0,0,0,0,0,0,0,0,0,0,0,0,0,0,0,0,0,0,1,0,0,0,0,0,0,0,1,0,0,0,0,0,0,0,0,0,0,0,0.6912225705329154
2018-11-21,0.0,3,47,0.0032212885154061623,0.0028711484593837537,-3.9714285714285715,0.8571428571428571,1.8285714285714287,38.716142857142856,0.0,0,0,0,0,0,0,0,0,0,0,0,0,0,0,0,0,0,0,0,0,0,0,0,0,0,0,0,1,0,0,0,0,0,1,0,0,1,0,0,0,0,0,0,0.6927899686520376
2018-11-22,0.0,4,47,0.0032212885154061623,0.0028711484593837537,-5.885714285714287,1.0,0.5857142857142856,14.485285714285713,0.0,0,0,0,0,0,0,0,0,0,0,0,0,0,0,0,0,0,0,0,0,0,0,0,0,0,0,0,0,1,0,0,0,1,0,0,0,0,0,0,0,0,0,0,0.6755485893416928
2018-11-23,0.0,5,47,0.0032212885154061623,0.0028711484593837537,-1.5285714285714285,3.4285714285714284,4.442857142857143,35.94357142857143,0.0,0,0,0,0,0,0,0,0,0,0,1,0,0,0,0,0,0,0,0,0,0,1,0,0,0,0,0,0,0,0,0,0,0,0,0,0,0,0,0,0,0,0,0,0.664576802507837
2018-11-26,0.0,1,48,0.0037815126050420172,0.0032212885154061623,-6.585714285714286,3.8571428571428568,1.342857142857143,29.68157142857143,0.0,0,0,0,0,1,0,0,0,0,0,1,0,0,0,0,0,0,0,0,0,0,0,0,0,0,0,0,0,0,0,0,0,0,0,0,0,0,0,0,0,0,0,0,0.64576802507837
2018-11-27,0.0,2,48,0.0037815126050420172,0.0032212885154061623,-5.628571428571428,6.0,0.8142857142857143,29.47085714285714,0.0,0,0,0,0,0,0,0,0,0,0,0,0,0,0,0,1,0,1,0,0,1,0,0,0,0,0,0,0,0,0,0,0,0,0,0,0,0,0,0,0,0,0,0,0.6833855799373041
2018-11-28,0.0,3,48,0.0037815126050420172,0.0032212885154061623,-5.8571428571428585,0.42857142857142855,3.914285714285714,30.060142857142854,0.0,0,0,0,0,0,0,1,0,0,0,0,0,0,0,0,0,0,0,0,0,0,0,0,0,0,0,1,0,0,0,0,0,0,0,0,0,0,0,0,0,0,0,0,0.7163009404388715
2018-11-29,0.1779788838612368,4,48,0.0037815126050420172,0.0032212885154061623,1.2857142857142858,7.142857142857142,8.385714285714286,40.00257142857142,0.0,0,0,0,0,0,0,0,0,0,0,0,0,0,0,0,0,0,0,0,0,0,0,0,0,0,0,0,0,0,0,0,0,0,0,0,1,0,0,0,1,0,0,0,0.5626959247648903
2018-11-30,0.0,5,48,0.0037815126050420172,0.0032212885154061623,3.9142857142857146,8.0,8.714285714285714,24.812142857142852,0.0,0,0,0,0,0,0,0,1,0,0,0,0,0,0,0,0,0,0,0,1,0,0,0,0,0,0,0,0,0,0,0,0,0,0,0,0,0,0,0,0,0,0,0,0.6692789968652038
2018-12-03,0.0,1,49,0.0035714285714285718,0.0037815126050420172,-0.9714285714285714,7.2857142857142865,5.0285714285714285,47.02742857142857,0.0,0,0,1,0,0,0,0,1,0,0,0,0,0,0,0,0,0,0,0,0,0,0,0,0,0,0,0,0,0,0,0,0,0,0,0,0,0,0,0,0,0,0,0,0.664576802507837
2018-12-04,0.0,2,49,0.0035714285714285718,0.0037815126050420172,0.27142857142857146,8.0,4.0285714285714285,20.46014285714286,0.0,0,0,0,0,0,0,0,0,0,0,0,0,0,0,1,0,0,0,0,0,0,0,0,0,0,0,0,0,0,0,0,0,0,0,0,0,0,0,0,0,0,0,0,0.7021943573667712
2018-12-05,0.00904977375565611,3,49,0.0035714285714285718,0.0037815126050420172,0.37142857142857133,7.571428571428571,4.228571428571429,6.90142857142857,0.31428571428571433,0,1,0,0,0,0,0,0,0,0,1,0,0,0,0,0,0,0,0,0,0,0,0,0,0,0,0,0,0,0,0,0,0,0,0,0,0,0,0,0,0,0,0,0.7617554858934169
2018-12-10,0.015082956259426846,1,50,0.004551820728291317,0.0035714285714285718,1.3714285714285714,8.0,2.542857142857143,12.722000000000005,0.0,0,0,0,0,0,0,0,0,0,0,0,0,0,0,0,0,0,0,0,1,0,0,0,0,0,0,0,0,0,0,0,0,0,0,1,0,0,0,0,0,0,0,0,0.622257053291536
2018-12-11,0.0,2,50,0.004551820728291317,0.0035714285714285718,0.4,7.7142857142857135,3.9,17.529999999999998,0.0,0,0,0,0,0,0,0,0,1,0,0,0,0,0,0,0,0,0,0,0,0,0,0,0,0,0,0,0,0,0,0,0,0,0,0,0,0,0,0,0,1,0,1,0.7037617554858934
2018-12-12,0.0,3,50,0.004551820728291317,0.0035714285714285718,-0.6571428571428571,8.0,2.8571428571428568,14.964428571428574,0.0,0,0,0,0,0,0,0,0,0,0,0,0,0,0,0,0,0,0,0,0,0,1,0,0,0,0,0,0,0,0,0,0,0,0,0,0,0,0,0,0,0,1,0,0.7366771159874608
2018-12-13,0.0,4,50,0.004551820728291317,0.0035714285714285718,-2.9571428571428564,8.0,2.6285714285714294,20.046,0.0,0,0,0,0,0,0,0,0,0,0,0,0,0,0,0,0,0,0,0,0,0,0,1,0,0,0,0,0,0,0,0,0,0,1,0,0,0,0,0,0,0,0,0,0.6880877742946708
2018-12-14,0.0,5,50,0.004551820728291317,0.0035714285714285718,-3.6428571428571432,8.0,3.4285714285714284,14.679999999999998,0.0,0,0,0,0,0,0,1,0,0,0,1,0,0,0,0,0,0,0,0,0,0,0,0,0,0,0,0,0,0,0,0,0,0,0,0,0,0,0,0,0,0,0,0,0.6708463949843261
2018-12-17,0.0,1,51,0.0037815126050420172,0.004551820728291317,-3.071428571428572,7.142857142857142,3.185714285714286,25.493000000000002,0.0,0,0,0,0,0,0,0,1,0,0,0,0,0,0,0,0,0,0,0,1,0,0,0,0,0,0,0,0,0,0,0,0,0,0,0,0,0,0,0,0,0,0,0,0.6489028213166145
2018-12-19,0.0,3,51,0.0037815126050420172,0.004551820728291317,-1.8714285714285717,7.7142857142857135,2.257142857142857,12.953285714285713,0.0,0,0,0,0,0,0,0,0,0,0,1,1,0,0,0,0,0,0,0,0,0,0,0,0,0,0,0,0,0,0,0,0,1,0,0,0,0,0,0,0,0,0,0,0.7210031347962382
2018-12-20,0.0,4,51,0.0037815126050420172,0.004551820728291317,-3.3,8.0,3.3714285714285714,22.15885714285714,0.0,0,0,1,0,0,0,0,0,0,0,0,0,0,0,0,0,0,0,0,0,0,0,0,1,0,0,0,0,0,0,0,1,0,0,0,0,0,0,0,0,0,0,0,0.6739811912225705
2019-01-07,0.0,1,2,0.005112044817927171,0.004411764705882353,-1.7857142857142858,0.7142857142857143,2.685714285714286,31.883000000000003,0.0,0,0,1,0,0,0,0,1,0,0,0,0,0,0,0,0,0,0,0,0,0,0,0,0,0,0,0,0,0,0,0,0,0,0,0,0,0,0,0,0,0,0,0,0.7037617554858934
2019-01-08,0.0,2,2,0.005112044817927171,0.004411764705882353,-1.442857142857143,8.0,1.2142857142857142,1.7967142857142857,0.0,0,0,0,0,0,0,0,0,0,0,0,0,0,0,1,0,0,0,0,0,0,0,0,0,0,0,0,0,0,0,0,0,0,0,0,0,0,0,0,0,0,0,0,0.7429467084639498
2019-01-09,0.0,3,2,0.005112044817927171,0.004411764705882353,-4.128571428571428,7.857142857142858,5.2,32.374857142857145,0.0,0,1,0,0,0,0,0,0,0,0,1,0,0,0,0,0,0,0,0,0,0,0,0,0,0,0,0,0,0,0,0,0,0,0,0,0,0,0,0,0,0,0,0,0.7351097178683386
2019-01-10,0.0,4,2,0.005112044817927171,0.004411764705882353,-6.371428571428571,8.0,5.971428571428571,21.335571428571427,0.0,0,0,0,0,1,0,0,0,0,0,0,0,0,0,0,0,0,0,0,0,0,0,0,1,0,0,0,0,0,0,0,0,0,0,0,0,0,0,0,0,0,1,0,0.7507836990595611
2019-01-14,0.0,1,3,0.0036414565826330533,0.005112044817927171,-4.485714285714286,8.0,2.342857142857143,46.51057142857143,0.0,0,0,0,0,0,0,0,0,0,0,0,0,0,0,0,0,0,0,0,1,0,0,0,0,0,0,0,0,0,0,0,0,0,0,1,0,0,0,0,0,0,0,0,0.6990595611285266
2019-01-15,0.0,2,3,0.0036414565826330533,0.005112044817927171,-5.685714285714287,7.571428571428571,3.1142857142857143,21.387714285714285,0.0,0,0,0,0,0,0,0,0,1,0,0,0,0,0,0,0,0,0,0,0,0,0,0,0,0,0,0,0,0,0,0,0,0,0,0,0,0,0,0,0,1,0,1,0.719435736677116
2019-01-17,0.0,4,3,0.0036414565826330533,0.005112044817927171,-9.071428571428571,7.7142857142857135,2.3285714285714283,24.30657142857143,0.0,0,0,0,0,0,0,0,0,0,0,0,0,0,0,0,0,0,0,0,0,0,0,1,0,0,0,0,0,0,0,0,0,0,1,0,0,0,0,0,0,0,0,0,0.7115987460815048
2019-01-18,0.0,5,3,0.0036414565826330533,0.005112044817927171,-16.142857142857142,6.142857142857142,0.6857142857142857,5.410857142857144,0.0,0,0,0,0,0,0,1,0,0,0,1,0,0,0,0,0,0,0,0,0,0,0,0,0,0,0,0,0,0,0,0,0,0,0,0,0,0,0,0,0,0,0,0,0.6739811912225705
2019-01-21,0.0,1,4,0.0039215686274509795,0.0036414565826330533,-26.271428571428572,3.0,0.6142857142857142,17.158285714285714,0.0,0,0,0,0,0,0,0,1,0,0,0,0,0,0,0,0,0,0,0,1,0,0,0,0,0,0,0,0,0,0,0,0,0,0,0,0,0,0,0,0,0,0,0,0.609717868338558
2019-01-22,0.0,2,4,0.0039215686274509795,0.0036414565826330533,-11.4,7.7142857142857135,1.7857142857142858,11.968285714285715,0.07142857142857142,0,0,0,0,1,0,0,0,0,0,0,0,0,0,0,0,0,0,0,0,0,0,0,0,0,0,0,0,0,0,0,0,0,0,0,0,0,0,0,0,0,0,0,0.5846394984326019
2019-01-24,0.0,4,4,0.0039215686274509795,0.0036414565826330533,-18.7,2.7142857142857144,0.8857142857142856,45.540714285714294,0.0,0,0,1,0,0,0,0,0,0,0,0,0,0,0,0,0,0,0,0,0,0,0,0,1,0,0,0,0,0,0,0,1,0,0,0,0,0,0,0,0,0,0,0,0.5438871473354232
2019-01-25,0.0,5,4,0.0039215686274509795,0.0036414565826330533,-7.685714285714287,7.571428571428571,2.442857142857143,15.668857142857144,0.0,0,0,0,0,0,0,1,0,0,0,0,0,0,0,0,0,0,0,0,0,0,0,0,0,0,0,0,0,0,0,0,0,0,0,0,0,0,0,0,0,0,0,1,0.6128526645768025
2019-01-28,0.0,1,5,0.003431372549019608,0.0039215686274509795,-16.999999999999996,3.571428571428572,2.442857142857143,31.98785714285714,0.0,0,0,0,0,0,0,1,1,0,0,0,0,0,0,0,0,0,0,0,0,0,0,0,0,0,0,0,0,0,0,0,0,0,0,0,0,0,0,0,0,0,0,0,0.5752351097178683
2019-01-29,0.0,2,5,0.003431372549019608,0.0039215686274509795,-7.6,7.857142857142858,3.3428571428571434,4.232142857142857,0.07142857142857142,0,0,0,0,1,0,0,0,0,0,0,0,0,0,0,0,0,0,0,0,0,0,0,1,0,0,0,0,0,0,0,1,0,0,0,0,0,0,0,0,0,0,0,0.6081504702194357
2019-01-30,0.0,3,5,0.003431372549019608,0.0039215686274509795,-8.385714285714286,6.571428571428571,1.4857142857142858,10.272714285714287,0.0,0,0,0,0,0,0,0,0,0,0,0,0,0,0,0,0,0,0,0,0,0,0,0,0,0,0,0,1,0,0,0,0,0,1,0,0,1,0,0,0,0,0,0,0.6050156739811913
2019-02-01,0.05279034690799397,5,5,0.003431372549019608,0.0039215686274509795,-11.171428571428573,7.857142857142858,3.5142857142857147,24.62057142857143,0.0,0,0,0,0,0,0,0,0,0,0,1,0,0,0,0,0,0,0,0,0,0,1,0,0,0,0,0,0,0,0,0,0,0,0,0,0,0,0,0,0,0,0,0,0.5611285266457681
2019-02-04,0.0,1,6,0.0039215686274509795,0.003431372549019608,-8.057142857142859,7.2857142857142865,4.428571428571427,7.286285714285714,0.0,0,0,0,0,1,0,0,0,0,0,1,0,0,0,0,0,0,0,0,0,0,0,0,0,0,0,0,0,0,0,0,0,0,0,0,0,0,0,0,0,0,0,0,0.6394984326018809
2019-02-05,0.0,2,6,0.0039215686274509795,0.003431372549019608,-11.071428571428573,8.0,3.1000000000000005,9.138857142857145,0.0,0,0,0,0,0,0,0,0,0,0,0,0,0,0,0,1,0,1,0,0,1,0,0,0,0,0,0,0,0,0,0,0,0,0,0,0,0,0,0,0,0,0,0,0.6974921630094044
2019-02-06,0.0,3,6,0.0039215686274509795,0.003431372549019608,-14.785714285714288,8.0,0.4,7.293999999999999,0.0,0,0,0,0,0,0,1,0,0,0,0,0,0,0,0,0,0,0,0,0,0,0,0,0,0,0,1,0,0,0,0,0,0,0,0,0,0,0,0,0,0,0,0,0.7131661442006271
2019-02-07,0.0,4,6,0.0039215686274509795,0.003431372549019608,-1.1571428571428568,8.0,5.085714285714286,10.990857142857143,0.0,0,0,0,0,0,0,0,0,0,0,0,0,0,0,0,0,0,0,0,0,0,0,0,0,0,0,0,0,0,0,0,0,0,0,0,1,0,0,0,1,0,0,0,0.7429467084639498
2019-02-08,0.0,5,6,0.0039215686274509795,0.003431372549019608,0.7000000000000001,8.0,4.914285714285714,17.725571428571428,0.14285714285714285,0,0,0,0,0,0,0,1,0,0,0,0,0,0,0,0,0,0,0,1,0,0,0,0,0,0,0,0,0,0,0,0,0,0,0,0,0,0,0,0,0,0,0,0.7115987460815048
2019-02-11,0.0,1,7,0.0053221288515406156,0.0039215686274509795,-0.8285714285714285,6.571428571428571,2.514285714285714,38.88342857142858,0.0,0,0,1,0,0,0,0,1,0,0,0,0,0,0,0,0,0,0,0,0,0,0,0,0,0,0,0,0,0,0,0,0,0,0,0,0,0,0,0,0,0,0,0,0.6802507836990596
2019-02-12,0.0,2,7,0.0053221288515406156,0.0039215686274509795,-4.985714285714286,0.0,2.3285714285714283,44.81100000000001,0.0,0,0,0,0,0,0,0,0,0,0,0,0,0,0,1,0,0,0,0,0,0,0,0,0,0,0,0,0,0,0,0,0,0,0,0,0,0,0,0,0,0,0,0,0.7147335423197492
2019-02-13,0.0,3,7,0.0053221288515406156,0.0039215686274509795,-2.4714285714285715,7.7142857142857135,3.7142857142857135,17.592285714285715,0.0,0,1,0,0,0,0,0,0,0,0,1,0,0,0,0,0,0,0,0,0,0,0,0,0,0,0,0,0,0,0,0,0,0,0,0,0,0,0,0,0,0,0,0,0.6833855799373041
2019-02-15,0.0,5,7,0.0053221288515406156,0.0039215686274509795,5.228571428571428,5.571428571428571,7.042857142857143,41.83385714285714,0.0,1,0,0,0,0,0,1,1,0,0,0,0,0,0,0,0,0,0,0,0,0,0,0,0,0,0,0,0,0,0,0,0,0,0,0,0,0,0,0,0,0,0,0,0.7210031347962382
2019-02-18,0.0,1,8,0.004481792717086834,0.0053221288515406156,0.5142857142857143,8.0,6.957142857142857,32.71928571428571,0.0,0,0,0,0,0,0,0,0,0,0,0,0,0,0,0,0,0,0,0,1,0,0,0,0,0,0,0,0,0,0,0,0,0,0,1,0,0,0,0,0,0,0,0,0.6379310344827587
2019-02-19,0.0,2,8,0.004481792717086834,0.0053221288515406156,2.657142857142857,8.0,4.357142857142857,12.252857142857142,0.14285714285714285,0,0,0,0,0,0,0,0,1,0,0,0,0,0,0,0,0,0,0,0,0,0,0,0,0,0,0,0,0,0,0,0,0,0,0,0,0,0,0,0,1,0,1,0.6927899686520376
2019-02-20,0.0,3,8,0.004481792717086834,0.0053221288515406156,-5.257142857142857,7.857142857142858,11.12857142857143,3.004857142857144,0.0,0,0,0,0,0,0,0,0,0,0,0,0,0,0,0,0,0,0,0,0,0,1,0,0,0,0,0,0,0,0,0,0,0,0,0,0,0,0,0,0,0,1,0,0.7460815047021944
2019-02-21,0.0,4,8,0.004481792717086834,0.0053221288515406156,-9.2,0.0,1.9714285714285715,43.543714285714294,0.0,0,0,0,0,0,0,0,0,0,0,0,0,0,0,0,0,0,0,0,0,0,0,1,0,0,0,0,0,0,0,0,0,0,1,0,0,0,0,0,0,0,0,0,0.7272727272727273
2019-02-22,0.0196078431372549,5,8,0.004481792717086834,0.0053221288515406156,-10.385714285714286,1.5714285714285714,3.8428571428571434,34.98428571428571,0.0,0,0,0,0,0,0,1,0,0,0,1,0,0,0,0,0,0,0,0,0,0,0,0,0,0,0,0,0,0,0,0,0,0,0,0,0,0,0,0,0,0,0,0,0.6269592476489029
2019-03-04,0.0,1,10,0.005532212885154062,0.004341736694677871,-8.1,7.428571428571429,1.6857142857142855,43.911,0.0,0,0,0,0,0,0,1,1,0,0,0,0,0,0,0,0,0,0,0,0,0,0,0,0,0,0,0,0,0,0,0,0,0,0,0,0,0,0,0,0,0,0,0,0.6912225705329154
2019-03-05,0.0,2,10,0.005532212885154062,0.004341736694677871,-9.728571428571428,0.0,7.357142857142858,40.08157142857143,0.0,0,0,0,0,1,0,0,0,0,0,0,0,0,0,0,0,0,0,0,0,0,0,0,1,0,0,0,0,0,0,0,1,0,0,0,0,0,0,0,0,0,0,0,0.7115987460815048
2019-03-06,0.0,3,10,0.005532212885154062,0.004341736694677871,-4.5285714285714285,5.428571428571429,6.071428571428572,34.177571428571426,0.0,0,0,0,0,0,0,0,0,0,0,0,0,0,0,0,0,0,0,0,0,0,0,0,0,0,0,0,1,0,0,0,0,0,1,0,0,1,0,0,0,0,0,0,0.7163009404388715
2019-03-07,0.0,4,10,0.005532212885154062,0.004341736694677871,-2.0285714285714285,7.7142857142857135,2.6,25.30785714285714,0.0,0,0,0,0,0,0,0,0,0,0,0,0,0,0,0,0,0,0,0,0,0,0,0,0,0,0,0,0,1,0,0,0,1,0,0,0,0,0,0,0,0,0,0,0.7554858934169278
2019-03-08,0.0,5,10,0.005532212885154062,0.004341736694677871,2.4428571428571426,8.0,5.857142857142858,26.10928571428572,0.042857142857142864,0,0,0,0,0,0,0,0,0,0,1,0,0,0,0,0,0,0,0,0,0,1,0,0,0,0,0,0,0,0,0,0,0,0,0,0,0,0,0,0,0,0,0,0.6959247648902821
2019-03-11,0.0,1,11,0.0037815126050420172,0.005532212885154062,-4.1000000000000005,7.2857142857142865,6.0285714285714285,5.64,0.0,0,0,0,0,1,0,0,0,0,0,1,0,0,0,0,0,0,0,0,0,0,0,0,0,0,0,0,0,0,0,0,0,0,0,0,0,0,0,0,0,0,0,0,0.6551724137931034
2019-03-12,0.0,2,11,0.0037815126050420172,0.005532212885154062,-3.8,0.0,3.9857142857142858,42.83042857142857,0.0,0,0,0,0,0,0,0,0,0,0,0,0,0,0,0,1,0,1,0,0,1,0,0,0,0,0,0,0,0,0,0,0,0,0,0,0,0,0,0,0,0,0,0,0.6739811912225705
2019-03-13,0.0,3,11,0.0037815126050420172,0.005532212885154062,-4.014285714285714,2.8571428571428568,5.171428571428573,32.785714285714285,0.0,0,0,0,0,0,0,1,0,0,0,0,0,0,0,0,0,0,0,0,0,0,0,0,0,0,0,1,0,0,0,0,0,0,0,0,0,0,0,0,0,0,0,0,0.7398119122257053
2019-03-14,0.0,4,11,0.0037815126050420172,0.005532212885154062,1.0142857142857142,7.857142857142858,7.185714285714287,29.721857142857147,0.0,0,0,0,0,0,0,0,0,0,0,0,0,0,0,0,0,0,0,0,0,0,0,0,0,0,0,0,0,0,0,0,0,0,0,0,1,0,0,0,1,0,0,0,0.7476489028213166
2019-03-15,0.0,5,11,0.0037815126050420172,0.005532212885154062,1.7285714285714289,8.0,3.7571428571428567,18.179285714285715,0.0,0,0,0,0,0,0,0,1,0,0,0,0,0,0,0,0,0,0,0,1,0,0,0,0,0,0,0,0,0,0,0,0,0,0,0,0,0,0,0,0,0,0,0,0.6990595611285266
2019-03-18,0.0,1,12,0.0039215686274509795,0.0037815126050420172,3.5571428571428574,7.571428571428571,3.314285714285714,35.299,0.0,0,0,1,0,0,0,0,1,0,0,0,0,0,0,0,0,0,0,0,0,0,0,0,0,0,0,0,0,0,0,0,0,0,0,0,0,0,0,0,0,0,0,0,0.6583072100313481
2019-03-19,0.0,2,12,0.0039215686274509795,0.0037815126050420172,-0.942857142857143,8.0,5.185714285714285,16.415857142857142,0.0,0,0,0,0,0,0,0,0,0,0,0,0,0,0,1,0,0,0,0,0,0,0,0,0,0,0,0,0,0,0,0,0,0,0,0,0,0,0,0,0,0,0,0,0.6802507836990596
2019-03-20,0.0,3,12,0.0039215686274509795,0.0037815126050420172,-0.08571428571428573,7.571428571428571,5.828571428571429,17.330857142857145,0.2428571428571429,0,1,0,0,0,0,0,0,0,0,1,0,0,0,0,0,0,0,0,0,0,0,0,0,0,0,0,0,0,0,0,0,0,0,0,0,0,0,0,0,0,0,0,0.6849529780564263
2019-03-21,0.0,4,12,0.0039215686274509795,0.0037815126050420172,5.142857142857143,5.428571428571429,4.9,36.16728571428571,0.0,0,0,0,0,1,0,0,0,0,0,0,0,0,0,0,0,0,0,0,0,0,0,0,1,0,0,0,0,0,0,0,0,0,0,0,0,0,0,0,0,0,1,0,0.6630094043887147
2019-03-22,0.0,5,12,0.0039215686274509795,0.0037815126050420172,3.5285714285714285,0.0,4.571428571428571,36.991,0.0,1,0,0,0,0,0,1,1,0,0,0,0,0,0,0,0,0,0,0,0,0,0,0,0,0,0,0,0,0,0,0,0,0,0,0,0,0,0,0,0,0,0,0,0.6818181818181818
2019-03-25,0.0,1,13,0.004831932773109244,0.0039215686274509795,0.6285714285714287,4.142857142857143,5.285714285714286,42.770857142857146,0.0,0,0,0,0,0,0,0,0,0,0,0,0,0,0,0,0,0,0,0,1,0,0,0,0,0,0,0,0,0,0,0,0,0,0,1,0,0,0,0,0,0,0,0,0.6285266457680251
2019-03-26,0.03167420814479638,2,13,0.004831932773109244,0.0039215686274509795,0.8571428571428573,1.0,4.871428571428571,42.64957142857144,0.0,0,0,0,0,0,0,0,0,1,0,0,0,0,0,0,0,0,0,0,0,0,0,0,0,0,0,0,0,0,0,0,0,0,0,0,0,0,0,0,0,1,0,1,0.6692789968652038
2019-03-27,0.0,3,13,0.004831932773109244,0.0039215686274509795,1.8571428571428568,7.428571428571429,6.142857142857142,43.088428571428565,0.0,0,0,0,0,0,0,0,0,0,0,0,0,0,0,0,0,0,0,0,0,0,1,0,0,0,0,0,0,0,0,0,0,0,0,0,0,0,0,0,0,0,1,0,0.6943573667711599
2019-03-28,0.03167420814479638,4,13,0.004831932773109244,0.0039215686274509795,6.371428571428571,3.7142857142857135,5.257142857142859,44.380428571428574,0.0,0,0,0,0,0,0,0,0,0,0,0,0,0,0,0,0,0,0,0,0,0,0,1,0,0,0,0,0,0,0,0,0,0,1,0,0,0,0,0,0,0,0,0,0.6974921630094044
2019-03-29,0.0,5,13,0.004831932773109244,0.0039215686274509795,10.042857142857144,5.7142857142857135,7.057142857142857,47.98057142857142,0.0,0,0,0,0,0,0,1,0,0,0,1,0,0,0,0,0,0,0,0,0,0,0,0,0,0,0,0,0,0,0,0,0,0,0,0,0,0,0,0,0,0,0,0,0.6520376175548589
2019-04-01,0.0,1,14,0.004341736694677871,0.004831932773109244,3.3285714285714287,4.142857142857143,7.200000000000001,41.489,0.0,0,0,0,0,0,0,0,1,0,0,0,0,0,0,0,0,0,0,0,1,0,0,0,0,0,0,0,0,0,0,0,0,0,0,0,0,0,0,0,0,0,0,0,0.6144200626959248
2019-04-02,0.0,2,14,0.004341736694677871,0.004831932773109244,7.114285714285713,0.0,7.742857142857143,41.486285714285714,0.0,0,0,0,0,1,0,0,0,0,0,0,0,0,0,0,0,0,0,0,0,0,0,0,0,0,0,0,0,0,0,0,0,0,0,0,0,0,0,0,0,0,0,0,0.6739811912225705
2019-04-03,0.0,3,14,0.004341736694677871,0.004831932773109244,9.44285714285714,0.7142857142857143,6.957142857142857,36.717285714285715,0.0,0,0,0,0,0,0,0,0,0,0,1,1,0,0,0,0,0,0,0,0,0,0,0,0,0,0,0,0,0,0,0,0,1,0,0,0,0,0,0,0,0,0,0,0.677115987460815
2019-04-04,0.0,4,14,0.004341736694677871,0.004831932773109244,5.857142857142858,7.2857142857142865,4.842857142857143,30.314857142857143,0.028571428571428574,0,0,1,0,0,0,0,0,0,0,0,0,0,0,0,0,0,0,0,0,0,0,0,1,0,0,0,0,0,0,0,1,0,0,0,0,0,0,0,0,0,0,0,0.6849529780564263
2019-04-05,0.0,5,14,0.004341736694677871,0.004831932773109244,1.5714285714285714,7.571428571428571,4.085714285714285,25.464857142857145,0.0,0,0,0,0,0,0,1,0,0,0,0,0,0,0,0,0,0,0,0,0,0,0,0,0,0,0,0,0,0,0,0,0,0,0,0,0,0,0,0,0,0,0,1,0.6818181818181818
2019-04-08,0.0,1,15,0.004061624649859943,0.004341736694677871,0.6571428571428571,7.7142857142857135,9.185714285714287,43.74771428571428,0.0,0,0,0,0,0,0,1,1,0,0,0,0,0,0,0,0,0,0,0,0,0,0,0,0,0,0,0,0,0,0,0,0,0,0,0,0,0,0,0,0,0,0,0,0.7084639498432602
2019-04-09,0.0,2,15,0.004061624649859943,0.004341736694677871,-1.0000000000000002,7.2857142857142865,6.614285714285713,8.088714285714287,0.1,0,0,0,0,1,0,0,0,0,0,0,0,0,0,0,0,0,0,0,0,0,0,0,1,0,0,0,0,0,0,0,1,0,0,0,0,0,0,0,0,0,0,0,0.6379310344827587
2019-04-10,0.0,3,15,0.004061624649859943,0.004341736694677871,0.0,1.2857142857142858,6.7285714285714295,42.93714285714285,0.0,0,0,0,0,0,0,0,0,0,0,0,0,0,0,0,0,0,0,0,0,0,0,0,0,0,0,0,1,0,0,0,0,0,1,0,0,1,0,0,0,0,0,0,0.6583072100313481
2019-04-11,0.0,4,15,0.004061624649859943,0.004341736694677871,1.7714285714285718,0.7142857142857143,5.1428571428571415,45.23971428571429,0.0,0,0,0,0,0,0,0,0,0,0,0,0,0,0,0,0,0,0,0,0,0,0,0,0,0,0,0,0,1,0,0,0,1,0,0,0,0,0,0,0,0,0,0,0.6473354231974922
2019-04-12,0.0,5,15,0.004061624649859943,0.004341736694677871,5.628571428571428,1.2857142857142858,2.571428571428572,45.176,0.0,0,0,0,0,0,0,0,0,0,0,1,0,0,0,0,0,0,0,0,0,0,1,0,0,0,0,0,0,0,0,0,0,0,0,0,0,0,0,0,0,0,0,0,0.6347962382445141
2019-04-15,0.0,1,16,0.0031512605042016808,0.004061624649859943,8.057142857142859,0.0,1.7142857142857142,43.89942857142857,0.0,0,0,0,0,1,0,0,0,0,0,1,0,0,0,0,0,0,0,0,0,0,0,0,0,0,0,0,0,0,0,0,0,0,0,0,0,0,0,0,0,0,0,0,0.664576802507837
2019-04-17,0.0,3,16,0.0031512605042016808,0.004061624649859943,12.385714285714286,0.0,2.485714285714286,43.47557142857143,0.0,0,0,0,0,0,0,1,0,0,0,0,0,0,0,0,0,0,0,0,0,0,0,0,0,0,0,1,0,0,0,0,0,0,0,0,0,0,0,0,0,0,0,0,0.6630094043887147
2019-04-18,0.0,4,16,0.0031512605042016808,0.004061624649859943,14.542857142857144,0.0,3.5,39.68071428571428,0.0,0,0,0,0,0,0,0,0,0,0,0,0,0,0,0,0,0,0,0,0,0,0,0,0,0,0,0,0,0,0,0,0,0,0,0,1,0,0,0,1,0,0,0,0.7163009404388715
2019-04-29,0.0,1,18,0.0032913165266106447,0.0028011204481792717,13.557142857142859,0.0,4.171428571428572,35.073142857142855,0.0,0,0,0,0,0,0,0,0,0,0,0,0,0,0,0,0,0,0,0,1,0,0,0,0,0,0,0,0,0,0,0,0,0,0,1,0,0,0,0,0,0,0,0,0.6175548589341693
2019-04-30,0.0,2,18,0.0032913165266106447,0.0028011204481792717,14.228571428571426,0.0,3.6000000000000005,38.84557142857143,0.0,0,0,0,0,0,0,0,0,1,0,0,0,0,0,0,0,0,0,0,0,0,0,0,0,0,0,0,0,0,0,0,0,0,0,0,0,0,0,0,0,1,0,1,0.7163009404388715
2019-05-02,0.0,4,18,0.0032913165266106447,0.0028011204481792717,1.8285714285714287,8.0,7.614285714285713,50.0,0.0,0,0,0,0,0,0,0,0,0,0,0,0,0,0,0,0,0,0,0,0,0,0,1,0,0,0,0,0,0,0,0,0,0,1,0,0,0,0,0,0,0,0,0,0.6536050156739812
2019-05-03,0.0,5,18,0.0032913165266106447,0.0028011204481792717,-1.2714285714285716,7.142857142857142,7.671428571428571,2.4032857142857145,0.4142857142857143,0,0,0,0,0,0,1,0,0,0,1,0,0,0,0,0,0,0,0,0,0,0,0,0,0,0,0,0,0,0,0,0,0,0,0,0,0,0,0,0,0,0,0,0.6504702194357367
2019-05-06,0.06334841628959276,1,19,0.0035714285714285718,0.0032913165266106447,10.857142857142856,4.285714285714286,5.914285714285714,45.04899999999999,0.0,0,0,0,0,0,0,0,1,0,0,0,0,0,0,0,0,0,0,0,1,0,0,0,0,0,0,0,0,0,0,0,0,0,0,0,0,0,0,0,0,0,0,0,0.5705329153605015
2019-05-07,0.0,2,19,0.0035714285714285718,0.0032913165266106447,10.642857142857142,7.0,4.9857142857142875,44.222,0.0,0,0,0,0,1,0,0,0,0,0,0,0,0,0,0,0,0,0,0,0,0,0,0,0,0,0,0,0,0,0,0,0,0,0,0,0,0,0,0,0,0,0,0,0.6708463949843261
2019-05-08,0.007541478129713423,3,19,0.0035714285714285718,0.0032913165266106447,6.957142857142856,6.2857142857142865,7.885714285714285,44.45728571428571,0.0,0,0,0,0,0,0,0,0,0,0,1,1,0,0,0,0,0,0,0,0,0,0,0,0,0,0,0,0,0,0,0,0,1,0,0,0,0,0,0,0,0,0,0,0.6567398119122257
2019-05-09,0.0,4,19,0.0035714285714285718,0.0032913165266106447,13.014285714285714,3.7142857142857135,4.757142857142859,36.58442857142858,0.0,0,0,1,0,0,0,0,0,0,0,0,0,0,0,0,0,0,0,0,0,0,0,0,1,0,0,0,0,0,0,0,1,0,0,0,0,0,0,0,0,0,0,0,0.6677115987460815
2019-05-10,0.0,5,19,0.0035714285714285718,0.0032913165266106447,13.342857142857143,6.142857142857142,4.942857142857143,42.30414285714286,0.0,0,0,0,0,0,0,1,0,0,0,0,0,0,0,0,0,0,0,0,0,0,0,0,0,0,0,0,0,0,0,0,0,0,0,0,0,0,0,0,0,0,0,1,0.6865203761755486
2019-05-13,0.030165912518853692,1,20,0.0030812324929971988,0.0035714285714285718,8.285714285714286,7.0,4.614285714285714,44.02957142857144,0.0,0,0,0,0,0,0,1,1,0,0,0,0,0,0,0,0,0,0,0,0,0,0,0,0,0,0,0,0,0,0,0,0,0,0,0,0,0,0,0,0,0,0,0,0.6065830721003135
2019-05-14,0.0,2,20,0.0030812324929971988,0.0035714285714285718,10.828571428571427,4.428571428571429,5.7,40.593714285714285,0.0,0,0,0,0,1,0,0,0,0,0,0,0,0,0,0,0,0,0,0,0,0,0,0,1,0,0,0,0,0,0,0,1,0,0,0,0,0,0,0,0,0,0,0,0.622257053291536
2019-05-16,0.0,4,20,0.0030812324929971988,0.0035714285714285718,15.742857142857142,2.571428571428572,4.385714285714285,36.187285714285714,0.0,0,0,0,0,0,0,0,0,0,0,0,0,0,0,0,0,0,0,0,0,0,0,0,0,0,0,0,0,1,0,0,0,1,0,0,0,0,0,0,0,0,0,0,0.6112852664576802
2019-05-17,0.0,5,20,0.0030812324929971988,0.0035714285714285718,17.81428571428571,0.0,1.957142857142857,36.65957142857143,0.0,0,0,0,0,0,0,0,0,0,0,1,0,0,0,0,0,0,0,0,0,0,1,0,0,0,0,0,0,0,0,0,0,0,0,0,0,0,0,0,0,0,0,0,0.609717868338558
2019-05-22,0.0,3,21,0.0036414565826330533,0.0030812324929971988,18.885714285714286,3.4285714285714284,5.671428571428572,27.093857142857146,0.0,0,0,0,0,0,0,1,0,0,0,0,0,0,0,0,0,0,0,0,0,0,0,0,0,0,0,1,0,0,0,0,0,0,0,0,0,0,0,0,0,0,0,0,0.5721003134796239
2019-05-27,0.0,1,22,0.0038515406162464992,0.0036414565826330533,12.914285714285713,5.142857142857143,3.2857142857142856,43.24014285714286,0.0,0,0,1,0,0,0,0,1,0,0,0,0,0,0,0,0,0,0,0,0,0,0,0,0,0,0,0,0,0,0,0,0,0,0,0,0,0,0,0,0,0,0,0,0.6849529780564263
2019-05-29,0.0,3,22,0.0038515406162464992,0.0036414565826330533,15.671428571428569,3.8571428571428568,7.371428571428572,32.118857142857145,0.0,0,1,0,0,0,0,0,0,0,0,1,0,0,0,0,0,0,0,0,0,0,0,0,0,0,0,0,0,0,0,0,0,0,0,0,0,0,0,0,0,0,0,0,0.6473354231974922
2019-08-09,0.0,5,32,0.0035014005602240893,0.0014005602240896359,18.214285714285715,6.7142857142857135,2.7285714285714286,36.891714285714286,0.6571428571428571,0,0,0,0,0,0,0,1,0,0,0,0,0,0,0,0,0,0,0,1,0,0,0,0,0,0,0,0,0,0,0,0,0,0,0,0,0,0,0,0,0,0,0,0.7714748784440842
2019-08-12,0.0,1,33,0.0030112044817927172,0.0035014005602240893,19.54285714285714,6.2857142857142865,6.514285714285713,35.95014285714286,0.05714285714285715,0,0,1,0,0,0,0,1,0,0,0,0,0,0,0,0,0,0,0,0,0,0,0,0,0,0,0,0,0,0,0,0,0,0,0,0,0,0,0,0,0,0,0,0.7325769854132901
2019-08-13,0.0,2,33,0.0030112044817927172,0.0035014005602240893,18.557142857142857,6.2857142857142865,4.171428571428572,35.623285714285714,0.0,0,0,0,0,1,0,0,0,0,0,0,0,0,0,0,0,0,0,0,0,0,0,0,1,0,0,0,0,0,0,0,1,0,0,0,0,0,0,0,0,0,0,0,0.7682333873581848
2019-08-14,0.0,3,33,0.0030112044817927172,0.0035014005602240893,18.95714285714286,4.0,4.157142857142857,38.53671428571429,0.0,0,0,0,0,0,0,0,0,0,0,0,0,1,0,0,0,0,0,0,0,0,0,0,0,0,0,0,1,0,0,0,0,0,1,0,0,1,0,0,0,0,0,0,0.7487844408427877
2019-08-15,0.0,4,33,0.0030112044817927172,0.0035014005602240893,14.414285714285715,7.7142857142857135,4.414285714285715,39.321285714285715,0.0,0,0,0,0,0,0,0,0,0,0,0,0,0,0,0,0,0,0,0,0,0,0,0,0,0,0,0,0,1,0,0,0,1,0,0,0,0,0,0,0,0,0,0,0.7649918962722853
2019-08-16,0.0,5,33,0.0030112044817927172,0.0035014005602240893,19.457142857142856,2.571428571428572,4.228571428571429,44.827,0.0,0,0,0,0,0,0,0,0,0,0,1,0,0,0,0,0,0,0,0,0,0,1,0,0,0,1,0,0,0,0,0,0,0,0,0,0,0,0,0,0,0,0,0,0.7277147487844409
2019-08-19,0.0,1,34,0.0023109243697478988,0.0030112044817927172,18.04285714285714,6.0,7.285714285714286,36.42285714285714,0.0,0,0,0,0,0,0,1,1,0,0,0,0,0,0,0,0,0,0,0,0,0,0,0,0,0,0,0,0,0,0,0,0,0,0,0,0,0,0,0,0,0,0,0,0.7179902755267423
2019-08-20,0.0,2,34,0.0023109243697478988,0.0030112044817927172,18.8,6.857142857142858,7.428571428571429,34.394571428571425,0.0,0,0,0,0,1,0,0,0,0,0,0,0,0,0,0,0,0,0,0,0,0,0,0,0,0,0,0,0,0,0,0,0,0,0,0,0,0,0,0,0,0,1,0,0.7082658022690438
2019-08-21,0.0,3,34,0.0023109243697478988,0.0030112044817927172,19.65714285714285,5.142857142857143,6.514285714285713,36.19614285714286,0.0,0,0,0,0,0,0,0,0,1,0,1,0,0,0,0,0,0,0,0,0,0,0,0,0,0,0,0,0,0,0,0,0,0,0,0,0,0,0,0,0,0,0,0,0.6547811993517018
2019-08-22,0.0,4,34,0.0023109243697478988,0.0030112044817927172,17.314285714285713,2.2857142857142856,5.0857142857142845,41.86057142857143,0.0,0,0,1,0,0,0,0,0,0,0,0,0,0,0,0,0,0,0,0,0,0,0,0,1,0,0,0,0,0,0,0,1,0,0,0,0,0,0,0,0,0,0,0,0.7374392220421394
2019-08-23,0.0,5,34,0.0023109243697478988,0.0030112044817927172,16.37142857142857,6.571428571428571,6.542857142857143,38.381142857142855,0.0,0,0,0,0,0,0,0,0,0,0,0,0,0,0,0,0,0,0,0,0,0,0,0,0,0,0,0,0,0,0,0,0,0,0,0,1,0,0,0,1,0,0,0,0.7779578606158833
2019-08-26,0.018838304552590262,1,35,0.003991596638655462,0.0023109243697478988,18.37142857142857,4.857142857142857,4.657142857142857,40.73642857142858,0.0,0,0,0,0,0,0,1,0,0,0,0,0,0,0,0,0,0,0,0,0,0,0,0,0,0,0,0,0,0,1,0,0,0,0,0,0,0,0,0,0,0,0,0,0.7390599675850892
2019-08-27,0.0,2,35,0.003991596638655462,0.0023109243697478988,24.385714285714286,0.42857142857142855,3.9142857142857146,33.95914285714286,0.0,0,0,0,0,1,0,0,0,0,0,0,0,0,0,0,0,0,0,1,0,0,0,0,0,0,0,0,0,0,0,0,0,0,0,0,0,0,0,0,0,0,0,0,0.7601296596434359
2019-08-28,0.0,3,35,0.003991596638655462,0.0023109243697478988,24.442857142857147,1.1428571428571428,4.914285714285714,31.625000000000004,0.0,0,0,0,0,0,0,0,1,0,0,0,0,0,0,0,0,0,0,0,0,0,1,0,0,0,0,0,0,0,0,0,0,0,0,0,0,0,0,0,0,0,0,0,0.7277147487844409
2019-08-29,0.0,4,35,0.003991596638655462,0.0023109243697478988,25.7,2.0,5.799999999999999,33.172285714285714,0.0,0,1,0,0,0,0,0,0,0,0,1,0,0,0,0,0,0,0,0,0,0,0,0,0,0,0,0,0,0,0,0,0,0,0,0,0,0,0,0,0,0,0,0,0.7374392220421394
2019-08-30,0.0,5,35,0.003991596638655462,0.0023109243697478988,20.81428571428572,5.0,4.614285714285714,27.758714285714287,0.0,0,0,0,0,0,0,0,0,0,1,0,0,0,1,1,0,0,0,0,0,0,0,0,0,0,0,0,0,0,0,0,0,0,0,0,0,0,0,0,0,0,0,0,0.7714748784440842
2019-09-02,0.0,1,36,0.0038515406162464992,0.003991596638655462,19.97142857142857,6.571428571428571,4.0285714285714285,25.48185714285714,0.8857142857142858,0,0,0,0,0,0,0,0,0,0,0,0,0,0,0,0,0,0,0,1,0,0,0,0,0,0,0,0,0,0,0,0,0,0,1,0,0,0,0,0,0,0,0,0.7585089141004863
2019-09-03,0.0,2,36,0.0038515406162464992,0.003991596638655462,16.871428571428574,3.7142857142857135,3.185714285714285,43.092,0.0,0,0,0,0,0,0,0,0,1,0,0,0,0,0,0,0,0,0,0,0,0,0,0,0,0,0,0,0,0,0,0,0,0,0,0,0,0,0,0,0,1,0,1,0.7747163695299838
2019-09-04,0.0,3,36,0.0038515406162464992,0.003991596638655462,15.442857142857143,6.7142857142857135,5.357142857142857,43.758428571428574,0.0,0,0,0,0,0,0,0,0,0,0,0,0,0,0,0,0,0,0,0,0,0,1,0,0,0,0,0,0,0,0,0,0,0,0,0,0,0,0,0,0,0,1,0,0.7568881685575365
2019-09-05,0.0,4,36,0.0038515406162464992,0.003991596638655462,14.442857142857141,7.0,6.257142857142857,27.795142857142853,0.4142857142857143,0,0,0,0,0,0,0,0,0,0,0,0,1,0,0,0,0,0,0,0,0,0,1,0,0,0,0,0,0,0,0,0,0,1,0,0,0,0,0,0,0,0,0,0.7423014586709886
2019-09-06,0.0,5,36,0.0038515406162464992,0.003991596638655462,14.528571428571427,2.571428571428572,5.571428571428571,43.879428571428576,0.0,0,0,0,0,0,0,1,0,0,0,1,0,0,0,0,0,0,0,0,0,0,0,0,0,0,0,0,0,0,0,0,0,0,0,0,0,0,0,0,0,0,0,0,0.7309562398703403
2019-09-09,0.0,1,37,0.004201680672268907,0.0038515406162464992,15.228571428571426,7.0,3.4428571428571426,40.05571428571428,0.0,0,0,0,0,1,0,0,0,0,0,1,0,0,0,0,0,0,0,0,0,0,0,0,0,0,0,0,0,0,0,0,0,0,0,0,0,0,0,0,0,0,0,0,0.7017828200972447
2019-09-10,0.0,2,37,0.004201680672268907,0.0038515406162464992,18.95714285714286,6.0,3.5,33.71414285714285,0.0,0,0,0,0,0,0,0,0,0,0,0,0,0,0,0,1,0,1,0,0,1,0,0,0,0,0,0,0,0,0,0,0,0,0,0,0,0,0,0,0,0,0,0,0.7423014586709886
2019-09-11,0.0,3,37,0.004201680672268907,0.0038515406162464992,17.228571428571428,6.857142857142858,5.471428571428571,40.12985714285714,0.0,0,0,0,0,0,0,0,0,0,0,0,0,0,0,0,0,0,0,0,0,0,0,0,0,0,0,0,0,0,0,0,0,0,0,0,1,0,0,0,1,0,0,0,0.7244732576985413
2019-09-12,0.0,4,37,0.004201680672268907,0.0038515406162464992,14.857142857142858,7.0,5.1,28.162285714285712,1.3571428571428572,0,0,0,0,0,0,1,0,0,0,0,0,0,0,0,0,0,0,0,0,0,0,0,0,0,0,1,0,0,0,0,0,0,0,1,0,0,0,0,0,0,0,0,0.7406807131280388
2019-09-13,0.0,5,37,0.004201680672268907,0.0038515406162464992,13.1,2.2857142857142856,5.442857142857144,40.01728571428571,0.0,0,0,0,0,0,0,0,1,0,0,0,0,0,0,0,0,0,0,0,1,0,0,0,0,0,0,0,0,0,0,0,0,0,0,0,0,0,0,0,0,0,0,0,0.713128038897893
2019-09-16,0.0,1,38,0.0028711484593837537,0.004201680672268907,9.057142857142855,6.571428571428571,5.828571428571428,44.609571428571435,0.0,0,0,1,0,0,0,0,1,0,0,0,0,0,0,0,0,0,0,0,0,0,0,0,0,0,0,0,0,0,0,0,0,0,0,0,0,0,0,0,0,0,0,0,0.7050243111831442
2019-09-17,0.0,2,38,0.0028711484593837537,0.004201680672268907,10.071428571428571,6.571428571428571,2.628571428571429,45.841428571428565,0.0,0,0,0,0,1,0,0,0,0,0,0,0,0,0,0,0,0,0,0,0,0,0,0,1,0,0,0,0,0,0,0,1,0,0,0,0,0,0,0,0,0,0,0,0.7244732576985413
2019-09-18,0.0,3,38,0.0028711484593837537,0.004201680672268907,9.1,1.8571428571428568,3.4428571428571435,45.33785714285714,0.0,0,0,0,0,0,0,0,0,0,0,0,0,1,0,0,0,0,0,0,0,0,0,0,0,0,0,0,1,0,0,0,0,0,1,0,0,1,0,0,0,0,0,0,0.7390599675850892
2019-09-19,0.0,4,38,0.0028711484593837537,0.004201680672268907,6.528571428571429,5.857142857142858,6.328571428571428,47.327,0.014285714285714287,0,0,0,0,0,0,0,0,0,0,0,0,0,0,0,0,0,0,0,0,0,0,0,0,0,0,0,0,1,0,0,0,1,0,0,0,0,0,0,0,0,0,0,0.7747163695299838
2019-09-20,0.0,5,38,0.0028711484593837537,0.004201680672268907,7.871428571428571,5.857142857142858,2.9428571428571426,48.006428571428565,0.0,0,0,0,0,0,0,0,0,0,0,1,0,0,0,0,0,0,0,0,0,0,1,0,0,0,1,0,0,0,0,0,0,0,0,0,0,0,0,0,0,0,0,0,0.7098865478119936
2019-09-23,0.0,1,39,0.004341736694677871,0.0028711484593837537,8.071428571428571,4.714285714285714,5.071428571428571,44.57742857142858,0.0,0,0,0,0,0,0,1,1,0,0,0,0,0,0,0,0,0,0,0,0,0,0,0,0,0,0,0,0,0,0,0,0,0,0,0,0,0,0,0,0,0,0,0,0.7098865478119936
2019-09-24,0.0,2,39,0.004341736694677871,0.0028711484593837537,8.185714285714285,2.4285714285714284,1.9,42.66257142857143,0.0,0,0,0,0,1,0,0,0,0,0,0,0,0,0,0,0,0,0,0,0,0,0,0,0,0,0,0,0,0,0,0,0,0,0,0,0,0,0,0,0,0,1,0,0.7098865478119936
2019-09-25,0.0,3,39,0.004341736694677871,0.0028711484593837537,7.514285714285713,0.0,1.5857142857142856,43.437285714285714,0.0,0,0,0,0,0,0,0,0,1,0,1,0,0,0,0,0,0,0,0,0,0,0,0,0,0,0,0,0,0,0,0,0,0,0,0,0,0,0,0,0,0,0,0,0.6142625607779578
2019-09-26,0.0,4,39,0.004341736694677871,0.0028711484593837537,10.257142857142854,7.428571428571429,1.2714285714285711,45.28828571428572,0.0,0,0,1,0,0,0,0,0,0,0,0,0,0,0,0,0,0,0,0,0,0,0,0,1,0,0,0,0,0,0,0,1,0,0,0,0,0,0,0,0,0,0,0,0.7552674230145867
2019-09-27,0.0,5,39,0.004341736694677871,0.0028711484593837537,10.914285714285713,7.7142857142857135,1.3142857142857145,28.96128571428571,0.0,0,0,0,0,0,0,0,0,0,0,0,0,0,0,0,0,0,0,0,0,0,0,0,0,0,0,0,0,0,0,0,0,0,0,0,1,0,0,0,1,0,0,0,0.7763371150729336
2019-09-30,0.0,1,40,0.0029411764705882357,0.004341736694677871,10.885714285714288,7.2857142857142865,2.8428571428571425,36.99442857142857,0.5285714285714286,0,0,0,0,0,0,1,0,0,0,0,0,0,0,0,0,0,0,0,0,0,0,0,0,0,0,0,0,0,1,0,0,0,0,0,0,0,0,0,0,0,0,0,0.6790923824959482
2019-10-01,0.0,2,40,0.0029411764705882357,0.004341736694677871,7.314285714285713,7.857142857142858,2.8999999999999995,7.339571428571429,3.0285714285714285,0,0,0,0,1,0,0,0,0,0,0,0,0,0,0,0,0,0,1,0,0,0,0,0,0,0,0,0,0,0,0,0,0,0,0,0,0,0,0,0,0,0,0,0.7001620745542951
2019-10-02,0.0,3,40,0.0029411764705882357,0.004341736694677871,5.228571428571429,7.7142857142857135,6.2142857142857135,42.24471428571428,0.0,0,0,0,0,0,0,0,1,0,0,0,0,0,0,0,0,0,0,0,0,0,1,0,0,0,0,0,0,0,0,0,0,0,0,0,0,0,0,0,0,0,0,0,0.6482982171799028
2019-10-03,0.0,4,40,0.0029411764705882357,0.004341736694677871,3.985714285714285,4.571428571428571,5.428571428571429,42.35771428571429,0.0,0,1,0,0,0,0,0,0,0,0,1,0,0,0,0,0,0,0,0,0,0,0,0,0,0,0,0,0,0,0,0,0,0,0,0,0,0,0,0,0,0,0,0,0.7455429497568882
2019-10-04,0.0,5,40,0.0029411764705882357,0.004341736694677871,3.3714285714285714,4.0,5.414285714285716,47.75,0.0,0,0,0,0,0,0,0,0,0,1,0,0,0,1,1,0,0,0,0,0,0,0,0,0,0,0,0,0,0,0,0,0,0,0,0,0,0,0,0,0,0,0,0,0.6904376012965965
2019-10-07,0.0,1,41,0.0023109243697478988,0.0029411764705882357,5.428571428571429,6.428571428571429,3.1285714285714286,39.38328571428571,0.0,0,0,0,0,0,0,0,0,0,0,0,0,0,0,0,0,0,0,0,1,0,0,0,0,0,0,0,0,0,0,0,0,0,0,1,0,0,0,0,0,0,0,0,0.6920583468395461
2019-10-08,0.0,2,41,0.0023109243697478988,0.0029411764705882357,3.4428571428571426,7.428571428571429,2.728571428571428,42.11042857142858,0.0,0,0,0,0,0,0,0,0,1,0,0,0,0,0,0,0,0,0,0,0,0,0,0,0,0,0,0,0,0,0,0,0,0,0,0,0,0,0,0,0,1,0,1,0.7212317666126418
2019-10-09,0.0,3,41,0.0023109243697478988,0.0029411764705882357,3.871428571428571,2.8571428571428568,2.171428571428572,45.47985714285714,0.0,0,0,0,0,0,0,0,0,0,0,0,0,0,0,0,0,0,0,0,0,0,1,0,0,0,0,0,0,0,0,0,0,0,0,0,0,0,0,0,0,0,1,0,0.7617504051863857
2019-10-10,0.0,4,41,0.0023109243697478988,0.0029411764705882357,3.314285714285714,7.0,1.9857142857142855,39.63357142857143,0.0,0,0,0,0,0,0,0,0,0,0,0,0,1,0,0,0,0,0,0,0,0,0,1,0,0,0,0,0,0,0,0,0,0,1,0,0,0,0,0,0,0,0,0,0.7163695299837926
2019-10-11,0.0,5,41,0.0023109243697478988,0.0029411764705882357,7.899999999999999,7.428571428571429,2.957142857142857,17.033,0.15714285714285714,0,0,0,0,0,0,1,0,0,0,1,0,0,0,0,0,0,0,0,0,0,0,0,0,0,0,0,0,0,0,0,0,0,0,0,0,0,0,0,0,0,0,0,0.713128038897893
2019-10-21,0.0,1,43,0.0039215686274509795,0.0023109243697478988,2.4857142857142853,6.428571428571429,2.9571428571428577,37.60585714285714,0.0,0,0,1,0,0,0,0,1,0,0,0,0,0,0,0,0,0,0,0,0,0,0,0,0,0,0,0,0,0,0,0,0,0,0,0,0,0,0,0,0,0,0,0,0.6677471636952999
2019-10-22,0.0,2,43,0.0039215686274509795,0.0023109243697478988,6.428571428571429,8.0,7.1,37.04657142857143,0.05714285714285715,0,0,0,0,1,0,0,0,0,0,0,0,0,0,0,0,0,0,0,0,0,0,0,1,0,0,0,0,0,0,0,1,0,0,0,0,0,0,0,0,0,0,0,0.6758508914100486
2019-10-23,0.0,3,43,0.0039215686274509795,0.0023109243697478988,7.985714285714287,0.5714285714285714,4.5285714285714285,38.67028571428572,0.0,0,0,0,0,0,0,0,0,0,0,0,0,1,0,0,0,0,0,0,0,0,0,0,0,0,0,0,1,0,0,0,0,0,1,0,0,1,0,0,0,0,0,0,0.6807131280388979
2019-10-24,0.0,4,43,0.0039215686274509795,0.0023109243697478988,9.214285714285714,7.428571428571429,5.928571428571429,38.76742857142858,0.0,0,0,0,0,0,0,0,0,0,0,0,0,0,0,0,0,0,0,0,0,0,0,0,0,0,0,0,0,1,0,0,0,1,0,0,0,0,0,0,0,0,0,0,0.713128038897893
2019-10-25,0.0,5,43,0.0039215686274509795,0.0023109243697478988,10.642857142857146,8.0,7.414285714285714,11.238428571428573,0.0,0,0,0,0,0,0,0,0,0,0,1,0,0,0,0,0,0,0,0,0,0,1,0,0,0,1,0,0,0,0,0,0,0,0,0,0,0,0,0,0,0,0,0,0.713128038897893
2019-11-04,0.0,1,45,0.004551820728291317,0.003431372549019608,-3.457142857142857,7.857142857142858,1.5,40.37285714285714,0.0,0,0,0,0,0,0,1,0,0,0,0,0,0,0,0,0,0,0,0,0,0,0,0,0,0,0,0,0,0,1,0,0,0,0,0,0,0,0,0,0,0,0,0,0.7277147487844409
2019-11-05,0.0,2,45,0.004551820728291317,0.003431372549019608,-7.728571428571428,5.0,1.8571428571428572,42.28414285714286,0.0,0,0,0,0,1,0,0,0,0,0,0,0,0,0,0,0,0,0,1,0,0,0,0,0,0,0,0,0,0,0,0,0,0,0,0,0,0,0,0,0,0,0,0,0.6596434359805511
2019-11-06,0.10832025117739404,3,45,0.004551820728291317,0.003431372549019608,-7.3,5.0,2.257142857142857,29.771428571428572,0.0,0,0,0,0,0,0,0,1,0,0,0,0,0,0,0,0,0,0,0,0,0,1,0,0,0,0,0,0,0,0,0,0,0,0,0,0,0,0,0,0,0,0,0,0.6985413290113452
2019-11-07,0.0,4,45,0.004551820728291317,0.003431372549019608,-8.085714285714285,5.571428571428571,1.5,41.979285714285716,0.0,0,1,0,0,0,0,0,0,0,0,1,0,0,0,0,0,0,0,0,0,0,0,0,0,0,0,0,0,0,0,0,0,0,0,0,0,0,0,0,0,0,0,0,0.6969205834683955
2019-11-08,0.0,5,45,0.004551820728291317,0.003431372549019608,-4.985714285714286,7.571428571428571,2.485714285714286,22.66257142857143,0.0,0,0,0,0,0,0,0,0,0,1,0,0,0,1,1,0,0,0,0,0,0,0,0,0,0,0,0,0,0,0,0,0,0,0,0,0,0,0,0,0,0,0,0,0.7082658022690438
2019-11-11,0.0,1,46,0.004131652661064426,0.004551820728291317,-3.7714285714285714,8.0,1.5714285714285714,23.626285714285718,0.0,0,0,0,0,0,0,0,0,0,0,0,0,0,0,0,0,0,0,0,1,0,0,0,0,0,0,0,0,0,0,0,0,0,0,1,0,0,0,0,0,0,0,0,0.7374392220421394
2019-11-12,0.0,2,46,0.004131652661064426,0.004551820728291317,-0.29999999999999993,8.0,3.3571428571428568,10.644285714285713,0.14285714285714285,0,0,0,0,0,0,0,0,1,0,0,0,0,0,0,0,0,0,0,0,0,0,0,0,0,0,0,0,0,0,0,0,0,0,0,0,0,0,0,0,1,0,1,0.7017828200972447
2019-11-13,0.0,3,46,0.004131652661064426,0.004551820728291317,2.6428571428571423,7.857142857142858,3.1714285714285717,10.712285714285716,0.32857142857142857,0,0,0,0,0,0,0,0,0,0,0,0,0,0,0,0,0,0,0,0,0,1,0,0,0,0,0,0,0,0,0,0,0,0,0,0,0,0,0,0,0,1,0,0.7860615883306321
2019-11-14,0.0,4,46,0.004131652661064426,0.004551820728291317,2.2857142857142856,8.0,2.4714285714285706,13.41157142857143,0.7857142857142858,0,0,0,0,0,0,0,0,0,0,0,0,1,0,0,0,0,0,0,0,0,0,1,0,0,0,0,0,0,0,0,0,0,1,0,0,0,0,0,0,0,0,0,0.713128038897893
2019-11-15,0.0,5,46,0.004131652661064426,0.004551820728291317,1.7714285714285716,7.571428571428571,3.2285714285714286,43.49014285714286,0.0,0,0,0,0,0,0,1,0,0,0,1,0,0,0,0,0,0,0,0,0,0,0,0,0,0,0,0,0,0,0,0,0,0,0,0,0,0,0,0,0,0,0,0,0.7390599675850892
2019-11-18,0.0,1,47,0.0032913165266106447,0.004131652661064426,0.9857142857142858,8.0,2.0285714285714285,6.804428571428572,0.0,0,0,0,0,1,0,0,0,0,0,1,0,0,0,0,0,0,0,0,0,0,0,0,0,0,0,0,0,0,0,0,0,0,0,0,0,0,0,0,0,0,0,0,0.5721231766612642
2019-11-19,0.0,2,47,0.0032913165266106447,0.004131652661064426,3.9714285714285715,7.857142857142858,3.2571428571428567,5.6212857142857136,0.07142857142857142,0,0,0,0,0,0,0,0,0,0,0,0,0,0,0,1,0,1,0,0,1,0,0,0,0,0,0,0,0,0,0,0,0,0,0,0,0,0,0,0,0,0,0,0.6175040518638574
2019-11-20,0.0,3,47,0.0032913165266106447,0.004131652661064426,5.685714285714287,6.857142857142858,3.785714285714286,45.92671428571429,0.0,0,0,0,0,0,0,0,0,0,0,0,0,0,0,0,0,0,0,0,0,0,0,0,0,0,0,0,0,0,0,0,0,0,0,0,1,0,0,0,1,0,0,0,0.5883306320907618
2019-11-21,0.0,4,47,0.0032913165266106447,0.004131652661064426,3.9857142857142858,7.0,2.771428571428572,16.562428571428573,0.0,0,0,0,0,0,0,1,0,0,0,0,0,0,0,0,0,0,0,0,0,0,0,0,0,0,0,1,0,0,0,0,0,0,0,1,0,0,0,0,0,0,0,0,0.6029173419773096
2019-11-22,0.0,5,47,0.0032913165266106447,0.004131652661064426,2.7142857142857144,7.857142857142858,2.6,38.70785714285713,0.0,0,0,0,0,0,0,0,1,0,0,0,0,0,0,0,0,0,0,0,1,0,0,0,0,0,0,0,0,0,0,0,0,0,0,0,0,0,0,0,0,0,0,0,0.5964343598055105
2019-11-25,0.0,1,48,0.00469187675070028,0.0032913165266106447,-0.9857142857142857,7.857142857142858,3.128571428571429,6.7068571428571415,0.0,0,0,1,0,0,0,0,1,0,0,0,0,0,0,0,0,0,0,0,0,0,0,0,0,0,0,0,0,0,0,0,0,0,0,0,0,0,0,0,0,0,0,0,0.5996758508914101
2019-11-26,0.0,2,48,0.00469187675070028,0.0032913165266106447,1.3714285714285717,8.0,4.714285714285714,4.4504285714285725,0.1142857142857143,0,0,0,0,1,0,0,0,0,0,0,0,0,0,0,0,0,0,0,0,0,0,0,1,0,0,0,0,0,0,0,1,0,0,0,0,0,0,0,0,0,0,0,0.6515397082658023
2019-11-27,0.0,3,48,0.00469187675070028,0.0032913165266106447,-1.5714285714285712,7.2857142857142865,3.7857142857142856,42.99871428571429,0.0,0,0,0,0,0,0,0,0,0,0,0,0,1,0,0,0,0,0,0,0,0,0,0,0,0,0,0,1,0,0,0,0,0,1,0,0,1,0,0,0,0,0,0,0.5996758508914101
2019-11-28,0.0,4,48,0.00469187675070028,0.0032913165266106447,0.8857142857142856,8.0,2.157142857142857,8.584142857142856,0.9285714285714286,0,0,0,0,0,0,0,0,0,0,0,0,0,0,0,0,0,0,0,0,0,0,0,0,0,0,0,0,1,0,0,0,1,0,0,0,0,0,0,0,0,0,0,0.6337115072933549
2019-12-02,0.0,1,49,0.004481792717086834,0.00469187675070028,-4.885714285714286,1.2857142857142858,3.3714285714285714,49.00057142857143,0.0,0,0,0,0,0,0,1,1,0,0,0,0,0,0,0,0,0,0,0,0,0,0,0,0,0,0,0,0,0,0,0,0,0,0,0,0,0,0,0,0,0,0,0,0.7244732576985413
2019-12-03,0.0,2,49,0.004481792717086834,0.00469187675070028,-6.957142857142856,4.714285714285714,2.8999999999999995,23.430142857142854,0.0,0,0,0,0,1,0,0,0,0,0,0,0,0,0,0,0,0,0,0,0,0,0,0,0,0,0,0,0,0,0,0,0,0,0,0,0,0,0,0,0,0,1,0,0.6985413290113452
2019-12-04,0.0,3,49,0.004481792717086834,0.00469187675070028,3.971428571428572,3.2857142857142856,4.4714285714285715,50.0,0.0,0,0,0,0,0,0,0,0,1,0,1,0,0,0,0,0,0,0,0,0,0,0,0,0,0,0,0,0,0,0,0,0,0,0,0,0,0,0,0,0,0,0,0,0.713128038897893
2019-12-05,0.0,4,49,0.004481792717086834,0.00469187675070028,3.0142857142857142,7.2857142857142865,4.742857142857141,42.93914285714286,0.0,0,0,1,0,0,0,0,0,0,0,0,0,0,0,0,0,0,0,0,0,0,0,0,1,0,0,0,0,0,0,0,1,0,0,0,0,0,0,0,0,0,0,0,0.7520259319286872
2019-12-09,0.0,1,50,0.0030112044817927172,0.004481792717086834,-1.042857142857143,7.571428571428571,5.428571428571429,7.664714285714287,0.24285714285714285,0,0,0,0,0,0,1,0,0,0,0,0,0,0,0,0,0,0,0,0,0,0,0,0,0,0,0,0,0,1,0,0,0,0,0,0,0,0,0,0,0,0,0,0.713128038897893
2019-12-10,0.0,2,50,0.0030112044817927172,0.004481792717086834,-8.6,1.0,0.9142857142857144,29.441285714285716,0.0,0,0,0,0,1,0,0,0,0,0,0,0,0,0,0,0,0,0,1,0,0,0,0,0,0,0,0,0,0,0,0,0,0,0,0,0,0,0,0,0,0,0,0,0.6677471636952999
2019-12-11,0.0,3,50,0.0030112044817927172,0.004481792717086834,1.2571428571428571,7.7142857142857135,10.042857142857144,13.329714285714287,0.17142857142857146,0,0,0,0,0,0,0,1,0,0,0,0,0,0,0,0,0,0,0,0,0,1,0,0,0,0,0,0,0,0,0,0,0,0,0,0,0,0,0,0,0,0,0,0.6855753646677472
2019-12-12,0.0,4,50,0.0030112044817927172,0.004481792717086834,1.2714285714285716,7.857142857142858,5.5,21.384285714285713,0.29999999999999993,0,1,0,0,0,0,0,0,0,0,1,0,0,0,0,0,0,0,0,0,0,0,0,0,0,0,0,0,0,0,0,0,0,0,0,0,0,0,0,0,0,0,0,0.6661264181523501
2019-12-13,0.0,5,50,0.0030112044817927172,0.004481792717086834,1.2857142857142858,7.142857142857142,4.142857142857143,19.116000000000003,0.0,0,0,0,0,0,0,0,0,0,1,0,0,0,1,1,0,0,0,0,0,0,0,0,0,0,0,0,0,0,0,0,0,0,0,0,0,0,0,0,0,0,0,0,0.7034035656401945
2019-12-16,0.0,1,51,0.004901960784313725,0.0030112044817927172,0.7428571428571429,8.857142857142858,1.1428571428571428,1.476857142857143,0.0,0,0,0,0,0,0,0,0,0,0,0,0,0,0,0,0,0,0,0,1,0,0,0,0,0,0,0,0,0,0,0,0,0,0,1,0,0,0,0,0,0,0,0,0.7293354943273906
2019-12-17,0.0,2,51,0.004901960784313725,0.0030112044817927172,0.35714285714285715,7.428571428571429,3.3999999999999995,22.199857142857137,0.0,0,0,0,0,0,0,0,0,1,0,0,0,0,0,0,0,0,0,0,0,0,0,0,0,0,0,0,0,0,0,0,0,0,0,0,0,0,0,0,0,1,0,1,0.8038897893030794
2019-12-18,0.0,3,51,0.004901960784313725,0.0030112044817927172,0.18571428571428567,8.0,2.671428571428572,21.033428571428573,0.0,0,0,0,0,0,0,0,0,0,0,0,0,0,0,0,0,0,0,0,0,0,1,0,0,0,0,0,0,0,0,0,0,0,0,0,0,0,0,0,0,0,1,0,0.713128038897893
2019-12-19,0.0,4,51,0.004901960784313725,0.0030112044817927172,-2.7285714285714286,0.8571428571428571,3.3428571428571434,48.101000000000006,0.0,0,0,0,0,0,0,0,0,0,0,0,0,1,0,0,0,0,0,0,0,0,0,1,0,0,0,0,0,0,0,0,0,0,1,0,0,0,0,0,0,0,0,0,0.6839546191247974
2020-01-07,0.0,2,2,0.00469187675070028,0.0033613445378151267,3.928571428571429,7.7142857142857135,5.171428571428573,32.54614285714286,0.07142857142857142,0,0,0,0,1,0,0,0,0,0,0,0,0,0,0,0,0,0,0,0,0,0,0,0,0,0,0,0,0,0,0,0,0,0,0,0,0,0,0,0,0,1,0,0.7066450567260942
2020-01-08,0.0,3,2,0.00469187675070028,0.0033613445378151267,5.057142857142857,8.0,6.1571428571428575,12.93542857142857,0.0,0,0,0,0,0,0,0,0,1,0,1,0,0,0,0,0,0,0,0,0,0,0,0,0,0,0,0,0,0,0,0,0,0,0,0,0,0,0,0,0,0,0,0,0.6888168557536467
2020-01-09,0.0,4,2,0.00469187675070028,0.0033613445378151267,2.3714285714285714,1.0,6.714285714285714,25.638571428571428,0.0,0,0,1,0,0,0,0,0,0,0,0,0,0,0,0,0,0,0,0,0,0,0,0,1,0,0,0,0,0,0,0,1,0,0,0,0,0,0,0,0,0,0,0,0.7698541329011345
2020-01-10,0.0,5,2,0.00469187675070028,0.0033613445378151267,-1.442857142857143,0.0,3.271428571428572,23.877285714285716,0.0,0,0,0,0,0,0,0,0,0,0,0,0,0,0,0,0,0,0,0,0,0,0,0,0,0,0,0,0,0,0,0,0,0,0,0,1,0,0,0,1,0,0,0,0.7455429497568882
2020-01-13,0.0,1,3,0.004901960784313725,0.00469187675070028,-1.0857142857142856,1.0,3.4857142857142853,48.36457142857143,0.0,0,0,0,0,0,0,1,0,0,0,0,0,0,0,0,0,0,0,0,0,0,0,0,0,0,0,0,0,0,1,0,0,0,0,0,0,0,0,0,0,0,0,0,0.7487844408427877
2020-01-14,0.0,2,3,0.004901960784313725,0.00469187675070028,2.0,7.571428571428571,6.985714285714287,42.836285714285715,0.0,0,0,0,0,1,0,0,0,0,0,0,0,0,0,0,0,0,0,1,0,0,0,0,0,0,0,0,0,0,0,0,0,0,0,0,0,0,0,0,0,0,0,0,0.7001620745542951
2020-01-15,0.0,3,3,0.004901960784313725,0.00469187675070028,2.4571428571428577,7.857142857142858,4.171428571428572,9.061571428571428,0.35714285714285715,0,0,0,0,0,0,0,1,0,0,0,0,0,0,0,0,0,0,0,0,0,1,0,0,0,0,0,0,0,0,0,0,0,0,0,0,0,0,0,0,0,0,0,0.6693679092382496
2020-01-16,0.0,4,3,0.004901960784313725,0.00469187675070028,0.7428571428571429,7.571428571428571,2.3714285714285714,11.439571428571426,0.0,0,1,0,0,0,0,0,0,0,0,1,0,0,0,0,0,0,0,0,0,0,0,0,0,0,0,0,0,0,0,0,0,0,0,0,0,0,0,0,0,0,0,0,0.713128038897893
2020-01-17,0.0,5,3,0.004901960784313725,0.00469187675070028,1.2428571428571429,5.428571428571429,3.0,23.060714285714283,0.15714285714285714,0,0,0,0,0,0,0,0,0,1,0,0,0,1,1,0,0,0,0,0,0,0,0,0,0,0,0,0,0,0,0,0,0,0,0,0,0,0,0,0,0,0,0,0.7163695299837926
2020-01-20,0.0,1,4,0.0036414565826330533,0.004901960784313725,2.8428571428571425,7.571428571428571,6.7285714285714295,42.65242857142857,0.0,0,0,0,0,0,0,0,0,0,0,0,0,0,0,0,0,0,0,0,1,0,0,0,0,0,0,0,0,0,0,0,0,0,0,1,0,0,0,0,0,0,0,0,0.7536466774716369
2020-01-21,0.0,2,4,0.0036414565826330533,0.004901960784313725,2.785714285714286,0.2857142857142857,6.585714285714286,36.18628571428572,0.0,0,0,0,0,0,0,0,0,1,0,0,0,0,0,0,0,0,0,0,0,0,0,0,0,0,0,0,0,0,0,0,0,0,0,0,0,0,0,0,0,1,0,1,0.5672609400324149
2020-01-22,0.0,3,4,0.0036414565826330533,0.004901960784313725,-0.07142857142857142,1.8571428571428568,4.571428571428571,49.335714285714296,0.0,0,0,0,0,0,0,0,0,0,0,0,0,0,0,0,0,0,0,0,0,0,1,0,0,0,0,0,0,0,0,0,0,0,0,0,0,0,0,0,0,0,1,0,0.6418152350081038
2020-01-23,0.0,4,4,0.0036414565826330533,0.004901960784313725,-1.2142857142857146,7.2857142857142865,4.557142857142857,19.90314285714285,0.8142857142857142,0,0,0,0,0,0,0,0,0,0,0,0,1,0,0,0,0,0,0,0,0,0,1,0,0,0,0,0,0,0,0,0,0,1,0,0,0,0,0,0,0,0,0,0.6434359805510534
2020-01-24,0.0,5,4,0.0036414565826330533,0.004901960784313725,0.7857142857142857,1.5714285714285714,3.5142857142857142,48.89128571428571,0.0,0,0,0,0,0,0,1,0,0,0,1,0,0,0,0,0,0,0,0,0,0,0,0,0,0,0,0,0,0,0,0,0,0,0,0,0,0,0,0,0,0,0,0,0.7034035656401945
2020-01-27,0.0,1,5,0.002240896358543417,0.0036414565826330533,-6.671428571428572,8.0,4.357142857142857,2.562857142857143,0.24285714285714285,0,0,0,0,1,0,0,0,0,0,1,0,0,0,0,0,0,0,0,0,0,0,0,0,0,0,0,0,0,0,0,0,0,0,0,0,0,0,0,0,0,0,0,0.6936790923824959
2020-01-28,0.0,2,5,0.002240896358543417,0.0036414565826330533,-1.7142857142857142,8.0,2.685714285714286,8.069428571428572,0.2,0,0,0,0,0,0,0,0,0,0,0,0,0,0,0,1,0,1,0,0,1,0,0,0,0,0,0,0,0,0,0,0,0,0,0,0,0,0,0,0,0,0,0,0.7260940032414911
2020-01-29,0.0,3,5,0.002240896358543417,0.0036414565826330533,0.7714285714285715,7.571428571428571,3.7285714285714286,40.63185714285714,0.028571428571428574,0,0,0,0,0,0,0,0,0,0,0,0,0,0,0,0,0,0,0,0,0,0,0,0,0,0,0,0,0,0,0,0,0,0,0,1,0,0,0,1,0,0,0,0.7309562398703403
2020-01-30,0.0,4,5,0.002240896358543417,0.0036414565826330533,-0.6142857142857142,7.142857142857142,4.3,6.48157142857143,0.0,0,0,0,0,0,0,1,0,0,0,0,0,0,0,0,0,0,0,0,0,0,0,0,0,0,0,1,0,0,0,0,0,0,0,1,0,0,0,0,0,0,0,0,0.7309562398703403
2020-01-31,0.0,5,5,0.002240896358543417,0.0036414565826330533,-0.9142857142857144,7.857142857142858,3.5,28.574571428571428,0.0,0,0,0,0,0,0,0,1,0,0,0,0,0,0,0,0,0,0,0,1,0,0,0,0,0,0,0,0,0,0,0,0,0,0,0,0,0,0,0,0,0,0,0,0.6677471636952999
2020-02-03,0.0,1,6,0.0020308123249299717,0.002240896358543417,-2.1714285714285717,1.5714285714285714,5.7285714285714295,49.74514285714286,0.0,0,0,1,0,0,0,0,1,0,0,0,0,0,0,0,0,0,0,0,0,0,0,0,0,0,0,0,0,0,0,0,0,0,0,0,0,0,0,0,0,0,0,0,0.6871961102106969
2020-02-04,0.0,2,6,0.0020308123249299717,0.002240896358543417,-14.228571428571426,1.0,0.6428571428571429,14.531000000000002,0.0,0,0,0,0,1,0,0,0,0,0,0,0,0,0,0,0,0,0,0,0,0,0,0,1,0,0,0,0,0,0,0,1,0,0,0,0,0,0,0,0,0,0,0,0.7309562398703403
2020-02-05,0.0,3,6,0.0020308123249299717,0.002240896358543417,-4.5,7.571428571428571,3.271428571428572,24.738000000000003,0.0,0,0,0,0,0,0,0,0,0,0,0,0,1,0,0,0,0,0,0,0,0,0,0,0,0,0,0,1,0,0,0,0,0,1,0,0,1,0,0,0,0,0,0,0.7179902755267423
2020-02-06,0.0,4,6,0.0020308123249299717,0.002240896358543417,-4.514285714285714,0.0,4.071428571428571,48.62485714285714,0.0,0,0,0,0,0,0,0,0,0,0,0,0,0,0,0,0,0,0,0,0,0,0,0,0,0,0,0,0,1,0,0,0,1,0,0,0,0,0,0,0,0,0,0,0.7293354943273906
2020-02-07,0.0,5,6,0.0020308123249299717,0.002240896358543417,-3.5571428571428565,8.0,4.314285714285715,15.404000000000002,0.1142857142857143,0,0,0,0,0,0,0,0,0,0,1,0,0,0,0,0,0,0,0,0,0,1,0,0,0,1,0,0,0,0,0,0,0,0,0,0,0,0,0,0,0,0,0,0.6807131280388979
2020-02-10,0.0,1,7,0.0037114845938375353,0.0020308123249299717,4.342857142857143,7.571428571428571,8.114285714285716,18.38285714285714,0.5142857142857143,0,0,0,0,0,0,1,1,0,0,0,0,0,0,0,0,0,0,0,0,0,0,0,0,0,0,0,0,0,0,0,0,0,0,0,0,0,0,0,0,0,0,0,0.713128038897893
2020-02-11,0.0,2,7,0.0037114845938375353,0.0020308123249299717,2.157142857142857,5.428571428571429,4.9714285714285715,49.70014285714285,0.0,0,0,0,0,1,0,0,0,0,0,0,0,0,0,0,0,0,0,0,0,0,0,0,0,0,0,0,0,0,0,0,0,0,0,0,0,0,0,0,0,0,1,0,0.7066450567260942
2020-02-12,0.0,3,7,0.0037114845938375353,0.0020308123249299717,1.8571428571428568,7.428571428571429,4.671428571428573,30.947428571428567,0.0,0,0,0,0,0,0,0,0,1,0,1,0,0,0,0,0,0,0,0,0,0,0,0,0,0,0,0,0,0,0,0,0,0,0,0,0,0,0,0,0,0,0,0,0.646677471636953
2020-02-13,0.03610675039246468,4,7,0.0037114845938375353,0.0020308123249299717,-0.5,8.0,2.957142857142857,49.59328571428572,0.0,0,0,1,0,0,0,0,0,0,0,0,0,0,0,0,0,0,0,0,0,0,0,0,1,0,0,0,0,0,0,0,1,0,0,0,0,0,0,0,0,0,0,0,0.6985413290113452
2020-02-14,0.0,5,7,0.0037114845938375353,0.0020308123249299717,-1.328571428571429,1.4285714285714286,2.9285714285714284,47.668428571428564,0.0,0,0,0,0,0,0,0,0,0,0,0,0,0,0,0,0,0,0,0,0,0,0,0,0,0,0,0,0,0,0,0,0,0,0,0,1,0,0,0,1,0,0,0,0.6790923824959482
2020-02-17,0.0,1,8,0.0032913165266106447,0.0037114845938375353,3.814285714285714,7.428571428571429,6.128571428571428,23.889714285714287,0.0,0,0,0,0,0,0,1,0,0,0,0,0,0,0,0,0,0,0,0,0,0,0,0,0,0,0,0,0,0,1,0,0,0,0,0,0,0,0,0,0,0,0,0,0.7179902755267423
2020-02-18,0.0,2,8,0.0032913165266106447,0.0037114845938375353,5.2,0.42857142857142855,5.342857142857143,48.49771428571428,0.0,0,0,0,0,1,0,0,0,0,0,0,0,0,0,0,0,0,0,1,0,0,0,0,0,0,0,0,0,0,0,0,0,0,0,0,0,0,0,0,0,0,0,0,0.6645056726094003
2020-02-19,0.0,3,8,0.0032913165266106447,0.0037114845938375353,-0.05714285714285715,6.7142857142857135,3.542857142857143,43.040000000000006,0.0,0,0,0,0,0,0,0,1,0,0,0,0,0,0,0,0,0,0,0,0,0,1,0,0,0,0,0,0,0,0,0,0,0,0,0,0,0,0,0,0,0,0,0,0.6709886547811994
2020-02-20,0.02197802197802198,4,8,0.0032913165266106447,0.0037114845938375353,-2.271428571428572,1.8571428571428568,4.014285714285714,46.352285714285706,0.0,0,1,0,0,0,0,0,0,0,0,1,0,0,0,0,0,0,0,0,0,0,0,0,0,0,0,0,0,0,0,0,0,0,0,0,0,0,0,0,0,0,0,0,0.7212317666126418
2020-02-21,0.0,5,8,0.0032913165266106447,0.0037114845938375353,3.6571428571428575,8.0,9.357142857142858,38.66028571428571,0.0,0,0,0,0,0,0,0,0,0,1,0,0,0,1,1,0,0,0,0,0,0,0,0,0,0,0,0,0,0,0,0,0,0,0,0,0,0,0,0,0,0,0,0,0.593192868719611
